"County","Date","Cases","Deaths"
"Adams",2020-03-05,0,0
"Adams",2020-03-06,0,0
"Adams",2020-03-07,0,0
"Adams",2020-03-08,0,0
"Adams",2020-03-09,0,0
"Adams",2020-03-10,0,0
"Adams",2020-03-11,0,0
"Adams",2020-03-12,0,0
"Adams",2020-03-13,0,0
"Adams",2020-03-14,0,0
"Adams",2020-03-15,0,0
"Adams",2020-03-16,0,0
"Adams",2020-03-17,0,0
"Adams",2020-03-18,0,0
"Adams",2020-03-19,1,0
"Adams",2020-03-20,4,0
"Adams",2020-03-21,4,0
"Adams",2020-03-22,5,0
"Adams",2020-03-23,6,0
"Adams",2020-03-24,6,0
"Adams",2020-03-25,6,0
"Adams",2020-03-26,7,0
"Adams",2020-03-27,8,0
"Adams",2020-03-28,8,0
"Adams",2020-03-29,8,0
"Adams",2020-03-30,8,0
"Adams",2020-03-31,9,0
"Adams",2020-04-01,12,0
"Adams",2020-04-02,18,0
"Adams",2020-04-03,19,0
"Adams",2020-04-04,21,0
"Adams",2020-04-05,22,0
"Adams",2020-04-06,25,0
"Adams",2020-04-07,28,0
"Adams",2020-04-08,33,0
"Adams",2020-04-09,38,1
"Adams",2020-04-10,43,1
"Adams",2020-04-11,44,1
"Adams",2020-04-12,48,1
"Adams",2020-04-13,56,1
"Adams",2020-04-14,63,1
"Adams",2020-04-15,64,1
"Adams",2020-04-16,67,1
"Adams",2020-04-17,70,1
"Adams",2020-04-18,74,1
"Adams",2020-04-19,80,1
"Adams",2020-04-20,85,1
"Allegheny",2020-03-05,0,0
"Allegheny",2020-03-06,0,0
"Allegheny",2020-03-07,0,0
"Allegheny",2020-03-08,0,0
"Allegheny",2020-03-09,0,0
"Allegheny",2020-03-10,0,0
"Allegheny",2020-03-11,0,0
"Allegheny",2020-03-12,0,0
"Allegheny",2020-03-13,2,0
"Allegheny",2020-03-14,3,0
"Allegheny",2020-03-15,3,0
"Allegheny",2020-03-16,5,0
"Allegheny",2020-03-17,7,0
"Allegheny",2020-03-18,11,0
"Allegheny",2020-03-19,16,0
"Allegheny",2020-03-20,28,0
"Allegheny",2020-03-21,31,1
"Allegheny",2020-03-22,40,1
"Allegheny",2020-03-23,48,1
"Allegheny",2020-03-24,58,2
"Allegheny",2020-03-25,88,2
"Allegheny",2020-03-26,133,2
"Allegheny",2020-03-27,158,2
"Allegheny",2020-03-28,219,2
"Allegheny",2020-03-29,265,2
"Allegheny",2020-03-30,290,2
"Allegheny",2020-03-31,325,2
"Allegheny",2020-04-01,356,2
"Allegheny",2020-04-02,419,2
"Allegheny",2020-04-03,476,2
"Allegheny",2020-04-04,552,2
"Allegheny",2020-04-05,605,4
"Allegheny",2020-04-06,642,4
"Allegheny",2020-04-07,689,6
"Allegheny",2020-04-08,720,10
"Allegheny",2020-04-09,759,12
"Allegheny",2020-04-10,788,18
"Allegheny",2020-04-11,836,19
"Allegheny",2020-04-12,857,19
"Allegheny",2020-04-13,876,21
"Allegheny",2020-04-14,893,24
"Allegheny",2020-04-15,904,26
"Allegheny",2020-04-16,925,38
"Allegheny",2020-04-17,947,43
"Allegheny",2020-04-18,1009,47
"Allegheny",2020-04-19,1035,50
"Allegheny",2020-04-20,1042,55
"Armstrong",2020-03-05,0,0
"Armstrong",2020-03-06,0,0
"Armstrong",2020-03-07,0,0
"Armstrong",2020-03-08,0,0
"Armstrong",2020-03-09,0,0
"Armstrong",2020-03-10,0,0
"Armstrong",2020-03-11,0,0
"Armstrong",2020-03-12,0,0
"Armstrong",2020-03-13,0,0
"Armstrong",2020-03-14,0,0
"Armstrong",2020-03-15,0,0
"Armstrong",2020-03-16,0,0
"Armstrong",2020-03-17,0,0
"Armstrong",2020-03-18,0,0
"Armstrong",2020-03-19,0,0
"Armstrong",2020-03-20,0,0
"Armstrong",2020-03-21,0,0
"Armstrong",2020-03-22,0,0
"Armstrong",2020-03-23,0,0
"Armstrong",2020-03-24,1,0
"Armstrong",2020-03-25,1,0
"Armstrong",2020-03-26,1,0
"Armstrong",2020-03-27,1,0
"Armstrong",2020-03-28,2,0
"Armstrong",2020-03-29,3,0
"Armstrong",2020-03-30,3,0
"Armstrong",2020-03-31,5,0
"Armstrong",2020-04-01,5,0
"Armstrong",2020-04-02,7,0
"Armstrong",2020-04-03,11,0
"Armstrong",2020-04-04,12,3
"Armstrong",2020-04-05,12,0
"Armstrong",2020-04-06,13,0
"Armstrong",2020-04-07,18,0
"Armstrong",2020-04-08,19,0
"Armstrong",2020-04-09,20,0
"Armstrong",2020-04-10,22,0
"Armstrong",2020-04-11,26,1
"Armstrong",2020-04-12,27,1
"Armstrong",2020-04-13,28,1
"Armstrong",2020-04-14,28,1
"Armstrong",2020-04-15,29,1
"Armstrong",2020-04-16,32,1
"Armstrong",2020-04-17,32,2
"Armstrong",2020-04-18,36,2
"Armstrong",2020-04-19,38,2
"Armstrong",2020-04-20,38,2
"Beaver",2020-03-05,0,0
"Beaver",2020-03-06,0,0
"Beaver",2020-03-07,0,0
"Beaver",2020-03-08,0,0
"Beaver",2020-03-09,0,0
"Beaver",2020-03-10,0,0
"Beaver",2020-03-11,0,0
"Beaver",2020-03-12,0,0
"Beaver",2020-03-13,0,0
"Beaver",2020-03-14,0,0
"Beaver",2020-03-15,0,0
"Beaver",2020-03-16,0,0
"Beaver",2020-03-17,1,0
"Beaver",2020-03-18,2,0
"Beaver",2020-03-19,2,0
"Beaver",2020-03-20,3,0
"Beaver",2020-03-21,3,0
"Beaver",2020-03-22,3,0
"Beaver",2020-03-23,3,0
"Beaver",2020-03-24,3,0
"Beaver",2020-03-25,7,0
"Beaver",2020-03-26,13,0
"Beaver",2020-03-27,14,0
"Beaver",2020-03-28,22,0
"Beaver",2020-03-29,28,0
"Beaver",2020-03-30,44,0
"Beaver",2020-03-31,52,1
"Beaver",2020-04-01,54,2
"Beaver",2020-04-02,55,2
"Beaver",2020-04-03,65,2
"Beaver",2020-04-04,69,6
"Beaver",2020-04-05,84,6
"Beaver",2020-04-06,96,6
"Beaver",2020-04-07,116,9
"Beaver",2020-04-08,128,13
"Beaver",2020-04-09,129,13
"Beaver",2020-04-10,139,13
"Beaver",2020-04-11,143,13
"Beaver",2020-04-12,145,13
"Beaver",2020-04-13,153,13
"Beaver",2020-04-14,156,14
"Beaver",2020-04-15,158,14
"Beaver",2020-04-16,168,14
"Beaver",2020-04-17,178,15
"Beaver",2020-04-18,278,31
"Beaver",2020-04-19,288,32
"Beaver",2020-04-20,298,36
"Bedford",2020-03-05,0,0
"Bedford",2020-03-06,0,0
"Bedford",2020-03-07,0,0
"Bedford",2020-03-08,0,0
"Bedford",2020-03-09,0,0
"Bedford",2020-03-10,0,0
"Bedford",2020-03-11,0,0
"Bedford",2020-03-12,0,0
"Bedford",2020-03-13,0,0
"Bedford",2020-03-14,0,0
"Bedford",2020-03-15,0,0
"Bedford",2020-03-16,0,0
"Bedford",2020-03-17,0,0
"Bedford",2020-03-18,0,0
"Bedford",2020-03-19,0,0
"Bedford",2020-03-20,0,0
"Bedford",2020-03-21,0,0
"Bedford",2020-03-22,0,0
"Bedford",2020-03-23,0,0
"Bedford",2020-03-24,0,0
"Bedford",2020-03-25,0,0
"Bedford",2020-03-26,0,0
"Bedford",2020-03-27,0,0
"Bedford",2020-03-28,0,0
"Bedford",2020-03-29,0,0
"Bedford",2020-03-30,0,0
"Bedford",2020-03-31,2,0
"Bedford",2020-04-01,3,0
"Bedford",2020-04-02,3,0
"Bedford",2020-04-03,3,0
"Bedford",2020-04-04,4,0
"Bedford",2020-04-05,4,0
"Bedford",2020-04-06,4,0
"Bedford",2020-04-07,4,0
"Bedford",2020-04-08,4,0
"Bedford",2020-04-09,4,0
"Bedford",2020-04-10,3,0
"Bedford",2020-04-11,5,1
"Bedford",2020-04-12,5,1
"Bedford",2020-04-13,5,1
"Bedford",2020-04-14,5,1
"Bedford",2020-04-15,9,1
"Bedford",2020-04-16,11,1
"Bedford",2020-04-17,13,1
"Bedford",2020-04-18,14,1
"Bedford",2020-04-19,15,1
"Bedford",2020-04-20,15,1
"Berks",2020-03-05,0,0
"Berks",2020-03-06,0,0
"Berks",2020-03-07,0,0
"Berks",2020-03-08,0,0
"Berks",2020-03-09,0,0
"Berks",2020-03-10,0,0
"Berks",2020-03-11,0,0
"Berks",2020-03-12,0,0
"Berks",2020-03-13,0,0
"Berks",2020-03-14,0,0
"Berks",2020-03-15,0,0
"Berks",2020-03-16,0,0
"Berks",2020-03-17,0,0
"Berks",2020-03-18,1,0
"Berks",2020-03-19,1,0
"Berks",2020-03-20,5,0
"Berks",2020-03-21,7,0
"Berks",2020-03-22,13,0
"Berks",2020-03-23,14,0
"Berks",2020-03-24,16,0
"Berks",2020-03-25,20,0
"Berks",2020-03-26,36,0
"Berks",2020-03-27,65,0
"Berks",2020-03-28,65,0
"Berks",2020-03-29,68,0
"Berks",2020-03-30,82,0
"Berks",2020-03-31,110,0
"Berks",2020-04-01,151,0
"Berks",2020-04-02,168,1
"Berks",2020-04-03,201,1
"Berks",2020-04-04,235,2
"Berks",2020-04-05,276,3
"Berks",2020-04-06,326,3
"Berks",2020-04-07,369,4
"Berks",2020-04-08,416,7
"Berks",2020-04-09,616,8
"Berks",2020-04-10,720,12
"Berks",2020-04-11,930,19
"Berks",2020-04-12,1035,20
"Berks",2020-04-13,1150,21
"Berks",2020-04-14,1247,27
"Berks",2020-04-15,1335,28
"Berks",2020-04-16,1419,31
"Berks",2020-04-17,1537,34
"Berks",2020-04-18,1748,40
"Berks",2020-04-19,1898,65
"Berks",2020-04-20,1945,74
"Blair",2020-03-05,0,0
"Blair",2020-03-06,0,0
"Blair",2020-03-07,0,0
"Blair",2020-03-08,0,0
"Blair",2020-03-09,0,0
"Blair",2020-03-10,0,0
"Blair",2020-03-11,0,0
"Blair",2020-03-12,0,0
"Blair",2020-03-13,0,0
"Blair",2020-03-14,0,0
"Blair",2020-03-15,0,0
"Blair",2020-03-16,0,0
"Blair",2020-03-17,0,0
"Blair",2020-03-18,0,0
"Blair",2020-03-19,0,0
"Blair",2020-03-20,0,0
"Blair",2020-03-21,0,0
"Blair",2020-03-22,0,0
"Blair",2020-03-23,0,0
"Blair",2020-03-24,0,0
"Blair",2020-03-25,0,0
"Blair",2020-03-26,1,0
"Blair",2020-03-27,1,0
"Blair",2020-03-28,2,0
"Blair",2020-03-29,3,0
"Blair",2020-03-30,6,0
"Blair",2020-03-31,4,0
"Blair",2020-04-01,4,0
"Blair",2020-04-02,4,0
"Blair",2020-04-03,4,0
"Blair",2020-04-04,5,0
"Blair",2020-04-05,5,0
"Blair",2020-04-06,5,0
"Blair",2020-04-07,6,0
"Blair",2020-04-08,6,0
"Blair",2020-04-09,6,0
"Blair",2020-04-10,9,0
"Blair",2020-04-11,10,0
"Blair",2020-04-12,10,0
"Blair",2020-04-13,11,0
"Blair",2020-04-14,11,0
"Blair",2020-04-15,12,0
"Blair",2020-04-16,13,0
"Blair",2020-04-17,14,0
"Blair",2020-04-18,13,0
"Blair",2020-04-19,13,0
"Blair",2020-04-20,14,0
"Bradford",2020-03-05,0,0
"Bradford",2020-03-06,0,0
"Bradford",2020-03-07,0,0
"Bradford",2020-03-08,0,0
"Bradford",2020-03-09,0,0
"Bradford",2020-03-10,0,0
"Bradford",2020-03-11,0,0
"Bradford",2020-03-12,0,0
"Bradford",2020-03-13,0,0
"Bradford",2020-03-14,0,0
"Bradford",2020-03-15,0,0
"Bradford",2020-03-16,0,0
"Bradford",2020-03-17,0,0
"Bradford",2020-03-18,0,0
"Bradford",2020-03-19,0,0
"Bradford",2020-03-20,0,0
"Bradford",2020-03-21,0,0
"Bradford",2020-03-22,0,0
"Bradford",2020-03-23,0,0
"Bradford",2020-03-24,1,0
"Bradford",2020-03-25,1,0
"Bradford",2020-03-26,2,0
"Bradford",2020-03-27,2,0
"Bradford",2020-03-28,3,0
"Bradford",2020-03-29,3,0
"Bradford",2020-03-30,3,0
"Bradford",2020-03-31,7,0
"Bradford",2020-04-01,8,0
"Bradford",2020-04-02,8,0
"Bradford",2020-04-03,9,0
"Bradford",2020-04-04,10,0
"Bradford",2020-04-05,10,0
"Bradford",2020-04-06,10,0
"Bradford",2020-04-07,14,0
"Bradford",2020-04-08,15,0
"Bradford",2020-04-09,15,0
"Bradford",2020-04-10,16,0
"Bradford",2020-04-11,18,0
"Bradford",2020-04-12,18,0
"Bradford",2020-04-13,19,0
"Bradford",2020-04-14,19,0
"Bradford",2020-04-15,19,0
"Bradford",2020-04-16,19,0
"Bradford",2020-04-17,20,0
"Bradford",2020-04-18,24,0
"Bradford",2020-04-19,25,1
"Bradford",2020-04-20,25,1
"Bucks",2020-03-05,0,0
"Bucks",2020-03-06,0,0
"Bucks",2020-03-07,0,0
"Bucks",2020-03-08,0,0
"Bucks",2020-03-09,0,0
"Bucks",2020-03-10,2,0
"Bucks",2020-03-11,2,0
"Bucks",2020-03-12,3,0
"Bucks",2020-03-13,3,0
"Bucks",2020-03-14,4,0
"Bucks",2020-03-15,4,0
"Bucks",2020-03-16,5,0
"Bucks",2020-03-17,8,0
"Bucks",2020-03-18,9,0
"Bucks",2020-03-19,12,0
"Bucks",2020-03-20,16,0
"Bucks",2020-03-21,24,0
"Bucks",2020-03-22,32,0
"Bucks",2020-03-23,43,0
"Bucks",2020-03-24,65,0
"Bucks",2020-03-25,86,0
"Bucks",2020-03-26,107,0
"Bucks",2020-03-27,124,0
"Bucks",2020-03-28,152,0
"Bucks",2020-03-29,203,1
"Bucks",2020-03-30,246,4
"Bucks",2020-03-31,286,3
"Bucks",2020-04-01,312,6
"Bucks",2020-04-02,370,6
"Bucks",2020-04-03,446,8
"Bucks",2020-04-04,488,11
"Bucks",2020-04-05,555,13
"Bucks",2020-04-06,619,17
"Bucks",2020-04-07,690,21
"Bucks",2020-04-08,756,22
"Bucks",2020-04-09,871,23
"Bucks",2020-04-10,958,26
"Bucks",2020-04-11,1051,29
"Bucks",2020-04-12,1107,32
"Bucks",2020-04-13,1177,36
"Bucks",2020-04-14,1222,40
"Bucks",2020-04-15,1300,51
"Bucks",2020-04-16,1407,56
"Bucks",2020-04-17,1524,64
"Bucks",2020-04-18,1619,75
"Bucks",2020-04-19,1722,84
"Bucks",2020-04-20,1812,90
"Butler",2020-03-05,0,0
"Butler",2020-03-06,0,0
"Butler",2020-03-07,0,0
"Butler",2020-03-08,0,0
"Butler",2020-03-09,0,0
"Butler",2020-03-10,0,0
"Butler",2020-03-11,0,0
"Butler",2020-03-12,0,0
"Butler",2020-03-13,0,0
"Butler",2020-03-14,0,0
"Butler",2020-03-15,0,0
"Butler",2020-03-16,0,0
"Butler",2020-03-17,0,0
"Butler",2020-03-18,0,0
"Butler",2020-03-19,0,0
"Butler",2020-03-20,0,0
"Butler",2020-03-21,0,0
"Butler",2020-03-22,1,0
"Butler",2020-03-23,5,0
"Butler",2020-03-24,6,0
"Butler",2020-03-25,12,0
"Butler",2020-03-26,19,1
"Butler",2020-03-27,26,1
"Butler",2020-03-28,41,2
"Butler",2020-03-29,47,2
"Butler",2020-03-30,49,2
"Butler",2020-03-31,60,2
"Butler",2020-04-01,64,2
"Butler",2020-04-02,69,2
"Butler",2020-04-03,75,2
"Butler",2020-04-04,84,2
"Butler",2020-04-05,87,2
"Butler",2020-04-06,91,2
"Butler",2020-04-07,107,2
"Butler",2020-04-08,113,2
"Butler",2020-04-09,113,2
"Butler",2020-04-10,123,3
"Butler",2020-04-11,128,3
"Butler",2020-04-12,133,4
"Butler",2020-04-13,143,4
"Butler",2020-04-14,143,5
"Butler",2020-04-15,150,5
"Butler",2020-04-16,154,5
"Butler",2020-04-17,157,5
"Butler",2020-04-18,160,5
"Butler",2020-04-19,161,5
"Butler",2020-04-20,161,5
"Cambria",2020-03-05,0,0
"Cambria",2020-03-06,0,0
"Cambria",2020-03-07,0,0
"Cambria",2020-03-08,0,0
"Cambria",2020-03-09,0,0
"Cambria",2020-03-10,0,0
"Cambria",2020-03-11,0,0
"Cambria",2020-03-12,0,0
"Cambria",2020-03-13,0,0
"Cambria",2020-03-14,0,0
"Cambria",2020-03-15,0,0
"Cambria",2020-03-16,0,0
"Cambria",2020-03-17,0,0
"Cambria",2020-03-18,0,0
"Cambria",2020-03-19,0,0
"Cambria",2020-03-20,0,0
"Cambria",2020-03-21,0,0
"Cambria",2020-03-22,0,0
"Cambria",2020-03-23,1,0
"Cambria",2020-03-24,1,0
"Cambria",2020-03-25,1,0
"Cambria",2020-03-26,1,0
"Cambria",2020-03-27,1,0
"Cambria",2020-03-28,1,0
"Cambria",2020-03-29,1,0
"Cambria",2020-03-30,2,0
"Cambria",2020-03-31,2,0
"Cambria",2020-04-01,3,0
"Cambria",2020-04-02,4,0
"Cambria",2020-04-03,4,0
"Cambria",2020-04-04,6,0
"Cambria",2020-04-05,7,0
"Cambria",2020-04-06,7,0
"Cambria",2020-04-07,7,1
"Cambria",2020-04-08,9,1
"Cambria",2020-04-09,10,1
"Cambria",2020-04-10,11,1
"Cambria",2020-04-11,13,1
"Cambria",2020-04-12,13,1
"Cambria",2020-04-13,14,1
"Cambria",2020-04-14,14,1
"Cambria",2020-04-15,14,1
"Cambria",2020-04-16,14,1
"Cambria",2020-04-17,14,1
"Cambria",2020-04-18,17,1
"Cambria",2020-04-19,19,1
"Cambria",2020-04-20,19,1
"Cameron",2020-03-05,0,0
"Cameron",2020-03-06,0,0
"Cameron",2020-03-07,0,0
"Cameron",2020-03-08,0,0
"Cameron",2020-03-09,0,0
"Cameron",2020-03-10,0,0
"Cameron",2020-03-11,0,0
"Cameron",2020-03-12,0,0
"Cameron",2020-03-13,0,0
"Cameron",2020-03-14,0,0
"Cameron",2020-03-15,0,0
"Cameron",2020-03-16,0,0
"Cameron",2020-03-17,0,0
"Cameron",2020-03-18,0,0
"Cameron",2020-03-19,0,0
"Cameron",2020-03-20,0,0
"Cameron",2020-03-21,0,0
"Cameron",2020-03-22,0,0
"Cameron",2020-03-23,0,0
"Cameron",2020-03-24,0,0
"Cameron",2020-03-25,0,0
"Cameron",2020-03-26,0,0
"Cameron",2020-03-27,0,0
"Cameron",2020-03-28,1,0
"Cameron",2020-03-29,1,0
"Cameron",2020-03-30,1,0
"Cameron",2020-03-31,1,0
"Cameron",2020-04-01,1,0
"Cameron",2020-04-02,1,0
"Cameron",2020-04-03,1,0
"Cameron",2020-04-04,1,0
"Cameron",2020-04-05,1,0
"Cameron",2020-04-06,1,0
"Cameron",2020-04-07,1,0
"Cameron",2020-04-08,1,0
"Cameron",2020-04-09,1,0
"Cameron",2020-04-10,1,0
"Cameron",2020-04-11,1,0
"Cameron",2020-04-12,1,0
"Cameron",2020-04-13,1,0
"Cameron",2020-04-14,1,0
"Cameron",2020-04-15,1,0
"Cameron",2020-04-16,1,0
"Cameron",2020-04-17,1,0
"Cameron",2020-04-18,1,0
"Cameron",2020-04-19,1,0
"Cameron",2020-04-20,1,0
"Carbon",2020-03-05,0,0
"Carbon",2020-03-06,0,0
"Carbon",2020-03-07,0,0
"Carbon",2020-03-08,0,0
"Carbon",2020-03-09,0,0
"Carbon",2020-03-10,0,0
"Carbon",2020-03-11,0,0
"Carbon",2020-03-12,0,0
"Carbon",2020-03-13,0,0
"Carbon",2020-03-14,0,0
"Carbon",2020-03-15,0,0
"Carbon",2020-03-16,0,0
"Carbon",2020-03-17,0,0
"Carbon",2020-03-18,0,0
"Carbon",2020-03-19,0,0
"Carbon",2020-03-20,0,0
"Carbon",2020-03-21,0,0
"Carbon",2020-03-22,0,0
"Carbon",2020-03-23,0,0
"Carbon",2020-03-24,1,0
"Carbon",2020-03-25,1,0
"Carbon",2020-03-26,2,0
"Carbon",2020-03-27,2,0
"Carbon",2020-03-28,3,0
"Carbon",2020-03-29,9,0
"Carbon",2020-03-30,13,0
"Carbon",2020-03-31,17,1
"Carbon",2020-04-01,23,1
"Carbon",2020-04-02,26,1
"Carbon",2020-04-03,34,1
"Carbon",2020-04-04,46,1
"Carbon",2020-04-05,50,1
"Carbon",2020-04-06,59,1
"Carbon",2020-04-07,67,1
"Carbon",2020-04-08,76,1
"Carbon",2020-04-09,83,1
"Carbon",2020-04-10,93,3
"Carbon",2020-04-11,98,3
"Carbon",2020-04-12,102,3
"Carbon",2020-04-13,102,3
"Carbon",2020-04-14,103,3
"Carbon",2020-04-15,112,6
"Carbon",2020-04-16,113,6
"Carbon",2020-04-17,118,7
"Carbon",2020-04-18,136,8
"Carbon",2020-04-19,140,8
"Carbon",2020-04-20,144,9
"Centre",2020-03-05,0,0
"Centre",2020-03-06,0,0
"Centre",2020-03-07,0,0
"Centre",2020-03-08,0,0
"Centre",2020-03-09,0,0
"Centre",2020-03-10,0,0
"Centre",2020-03-11,0,0
"Centre",2020-03-12,0,0
"Centre",2020-03-13,0,0
"Centre",2020-03-14,0,0
"Centre",2020-03-15,0,0
"Centre",2020-03-16,0,0
"Centre",2020-03-17,0,0
"Centre",2020-03-18,0,0
"Centre",2020-03-19,0,0
"Centre",2020-03-20,1,0
"Centre",2020-03-21,1,0
"Centre",2020-03-22,1,0
"Centre",2020-03-23,3,0
"Centre",2020-03-24,7,0
"Centre",2020-03-25,8,0
"Centre",2020-03-26,9,0
"Centre",2020-03-27,11,0
"Centre",2020-03-28,15,0
"Centre",2020-03-29,22,0
"Centre",2020-03-30,24,0
"Centre",2020-03-31,26,0
"Centre",2020-04-01,27,0
"Centre",2020-04-02,28,0
"Centre",2020-04-03,32,0
"Centre",2020-04-04,39,0
"Centre",2020-04-05,43,0
"Centre",2020-04-06,44,0
"Centre",2020-04-07,55,0
"Centre",2020-04-08,57,0
"Centre",2020-04-09,59,0
"Centre",2020-04-10,61,0
"Centre",2020-04-11,69,0
"Centre",2020-04-12,70,0
"Centre",2020-04-13,70,0
"Centre",2020-04-14,70,0
"Centre",2020-04-15,72,0
"Centre",2020-04-16,73,0
"Centre",2020-04-17,73,1
"Centre",2020-04-18,73,1
"Centre",2020-04-19,73,1
"Centre",2020-04-20,73,1
"Chester",2020-03-05,0,0
"Chester",2020-03-06,0,0
"Chester",2020-03-07,0,0
"Chester",2020-03-08,0,0
"Chester",2020-03-09,0,0
"Chester",2020-03-10,0,0
"Chester",2020-03-11,0,0
"Chester",2020-03-12,1,0
"Chester",2020-03-13,2,0
"Chester",2020-03-14,2,0
"Chester",2020-03-15,2,0
"Chester",2020-03-16,2,0
"Chester",2020-03-17,4,0
"Chester",2020-03-18,9,0
"Chester",2020-03-19,10,0
"Chester",2020-03-20,17,0
"Chester",2020-03-21,19,0
"Chester",2020-03-22,23,0
"Chester",2020-03-23,40,0
"Chester",2020-03-24,40,0
"Chester",2020-03-25,54,0
"Chester",2020-03-26,84,0
"Chester",2020-03-27,107,0
"Chester",2020-03-28,116,0
"Chester",2020-03-29,137,0
"Chester",2020-03-30,146,0
"Chester",2020-03-31,159,1
"Chester",2020-04-01,183,1
"Chester",2020-04-02,210,2
"Chester",2020-04-03,226,2
"Chester",2020-04-04,250,2
"Chester",2020-04-05,269,2
"Chester",2020-04-06,307,3
"Chester",2020-04-07,335,6
"Chester",2020-04-08,373,6
"Chester",2020-04-09,425,7
"Chester",2020-04-10,485,9
"Chester",2020-04-11,532,15
"Chester",2020-04-12,562,17
"Chester",2020-04-13,593,17
"Chester",2020-04-14,621,20
"Chester",2020-04-15,658,25
"Chester",2020-04-16,699,28
"Chester",2020-04-17,739,30
"Chester",2020-04-18,796,36
"Chester",2020-04-19,839,42
"Chester",2020-04-20,883,44
"Clarion",2020-03-05,0,0
"Clarion",2020-03-06,0,0
"Clarion",2020-03-07,0,0
"Clarion",2020-03-08,0,0
"Clarion",2020-03-09,0,0
"Clarion",2020-03-10,0,0
"Clarion",2020-03-11,0,0
"Clarion",2020-03-12,0,0
"Clarion",2020-03-13,0,0
"Clarion",2020-03-14,0,0
"Clarion",2020-03-15,0,0
"Clarion",2020-03-16,0,0
"Clarion",2020-03-17,0,0
"Clarion",2020-03-18,0,0
"Clarion",2020-03-19,0,0
"Clarion",2020-03-20,0,0
"Clarion",2020-03-21,0,0
"Clarion",2020-03-22,0,0
"Clarion",2020-03-23,0,0
"Clarion",2020-03-24,0,0
"Clarion",2020-03-25,0,0
"Clarion",2020-03-26,0,0
"Clarion",2020-03-27,0,0
"Clarion",2020-03-28,1,0
"Clarion",2020-03-29,1,0
"Clarion",2020-03-30,1,0
"Clarion",2020-03-31,3,0
"Clarion",2020-04-01,4,0
"Clarion",2020-04-02,4,0
"Clarion",2020-04-03,4,0
"Clarion",2020-04-04,4,0
"Clarion",2020-04-05,5,0
"Clarion",2020-04-06,6,0
"Clarion",2020-04-07,9,0
"Clarion",2020-04-08,8,0
"Clarion",2020-04-09,8,0
"Clarion",2020-04-10,10,0
"Clarion",2020-04-11,15,0
"Clarion",2020-04-12,15,0
"Clarion",2020-04-13,16,0
"Clarion",2020-04-14,16,0
"Clarion",2020-04-15,16,0
"Clarion",2020-04-16,17,0
"Clarion",2020-04-17,18,0
"Clarion",2020-04-18,18,1
"Clarion",2020-04-19,18,1
"Clarion",2020-04-20,18,1
"Clearfield",2020-03-05,0,0
"Clearfield",2020-03-06,0,0
"Clearfield",2020-03-07,0,0
"Clearfield",2020-03-08,0,0
"Clearfield",2020-03-09,0,0
"Clearfield",2020-03-10,0,0
"Clearfield",2020-03-11,0,0
"Clearfield",2020-03-12,0,0
"Clearfield",2020-03-13,0,0
"Clearfield",2020-03-14,0,0
"Clearfield",2020-03-15,0,0
"Clearfield",2020-03-16,0,0
"Clearfield",2020-03-17,0,0
"Clearfield",2020-03-18,0,0
"Clearfield",2020-03-19,0,0
"Clearfield",2020-03-20,0,0
"Clearfield",2020-03-21,0,0
"Clearfield",2020-03-22,0,0
"Clearfield",2020-03-23,0,0
"Clearfield",2020-03-24,1,0
"Clearfield",2020-03-25,2,0
"Clearfield",2020-03-26,2,0
"Clearfield",2020-03-27,2,0
"Clearfield",2020-03-28,2,0
"Clearfield",2020-03-29,2,0
"Clearfield",2020-03-30,4,0
"Clearfield",2020-03-31,4,0
"Clearfield",2020-04-01,4,0
"Clearfield",2020-04-02,4,0
"Clearfield",2020-04-03,5,0
"Clearfield",2020-04-04,7,0
"Clearfield",2020-04-05,7,0
"Clearfield",2020-04-06,7,0
"Clearfield",2020-04-07,7,0
"Clearfield",2020-04-08,7,0
"Clearfield",2020-04-09,7,0
"Clearfield",2020-04-10,8,0
"Clearfield",2020-04-11,9,0
"Clearfield",2020-04-12,9,0
"Clearfield",2020-04-13,9,0
"Clearfield",2020-04-14,9,0
"Clearfield",2020-04-15,9,0
"Clearfield",2020-04-16,9,0
"Clearfield",2020-04-17,9,0
"Clearfield",2020-04-18,9,0
"Clearfield",2020-04-19,11,0
"Clearfield",2020-04-20,11,0
"Clinton",2020-03-05,0,0
"Clinton",2020-03-06,0,0
"Clinton",2020-03-07,0,0
"Clinton",2020-03-08,0,0
"Clinton",2020-03-09,0,0
"Clinton",2020-03-10,0,0
"Clinton",2020-03-11,0,0
"Clinton",2020-03-12,0,0
"Clinton",2020-03-13,0,0
"Clinton",2020-03-14,0,0
"Clinton",2020-03-15,0,0
"Clinton",2020-03-16,0,0
"Clinton",2020-03-17,0,0
"Clinton",2020-03-18,0,0
"Clinton",2020-03-19,0,0
"Clinton",2020-03-20,0,0
"Clinton",2020-03-21,0,0
"Clinton",2020-03-22,0,0
"Clinton",2020-03-23,0,0
"Clinton",2020-03-24,0,0
"Clinton",2020-03-25,0,0
"Clinton",2020-03-26,0,0
"Clinton",2020-03-27,0,0
"Clinton",2020-03-28,0,0
"Clinton",2020-03-29,0,0
"Clinton",2020-03-30,0,0
"Clinton",2020-03-31,0,0
"Clinton",2020-04-01,0,0
"Clinton",2020-04-02,0,0
"Clinton",2020-04-03,1,0
"Clinton",2020-04-04,1,0
"Clinton",2020-04-05,1,0
"Clinton",2020-04-06,3,0
"Clinton",2020-04-07,3,0
"Clinton",2020-04-08,3,0
"Clinton",2020-04-09,4,0
"Clinton",2020-04-10,6,0
"Clinton",2020-04-11,7,0
"Clinton",2020-04-12,8,0
"Clinton",2020-04-13,8,0
"Clinton",2020-04-14,8,0
"Clinton",2020-04-15,8,0
"Clinton",2020-04-16,8,0
"Clinton",2020-04-17,10,0
"Clinton",2020-04-18,11,0
"Clinton",2020-04-19,11,0
"Clinton",2020-04-20,11,0
"Columbia",2020-03-05,0,0
"Columbia",2020-03-06,0,0
"Columbia",2020-03-07,0,0
"Columbia",2020-03-08,0,0
"Columbia",2020-03-09,0,0
"Columbia",2020-03-10,0,0
"Columbia",2020-03-11,0,0
"Columbia",2020-03-12,0,0
"Columbia",2020-03-13,0,0
"Columbia",2020-03-14,0,0
"Columbia",2020-03-15,0,0
"Columbia",2020-03-16,0,0
"Columbia",2020-03-17,0,0
"Columbia",2020-03-18,0,0
"Columbia",2020-03-19,0,0
"Columbia",2020-03-20,0,0
"Columbia",2020-03-21,0,0
"Columbia",2020-03-22,1,0
"Columbia",2020-03-23,1,0
"Columbia",2020-03-24,1,0
"Columbia",2020-03-25,1,0
"Columbia",2020-03-26,3,0
"Columbia",2020-03-27,3,0
"Columbia",2020-03-28,4,0
"Columbia",2020-03-29,6,0
"Columbia",2020-03-30,6,0
"Columbia",2020-03-31,7,0
"Columbia",2020-04-01,8,0
"Columbia",2020-04-02,11,0
"Columbia",2020-04-03,15,0
"Columbia",2020-04-04,20,0
"Columbia",2020-04-05,22,0
"Columbia",2020-04-06,26,0
"Columbia",2020-04-07,42,1
"Columbia",2020-04-08,54,1
"Columbia",2020-04-09,65,2
"Columbia",2020-04-10,81,2
"Columbia",2020-04-11,99,2
"Columbia",2020-04-12,106,3
"Columbia",2020-04-13,113,3
"Columbia",2020-04-14,125,3
"Columbia",2020-04-15,131,3
"Columbia",2020-04-16,146,3
"Columbia",2020-04-17,166,3
"Columbia",2020-04-18,184,4
"Columbia",2020-04-19,202,6
"Columbia",2020-04-20,208,7
"Crawford",2020-03-05,0,0
"Crawford",2020-03-06,0,0
"Crawford",2020-03-07,0,0
"Crawford",2020-03-08,0,0
"Crawford",2020-03-09,0,0
"Crawford",2020-03-10,0,0
"Crawford",2020-03-11,0,0
"Crawford",2020-03-12,0,0
"Crawford",2020-03-13,0,0
"Crawford",2020-03-14,0,0
"Crawford",2020-03-15,0,0
"Crawford",2020-03-16,0,0
"Crawford",2020-03-17,0,0
"Crawford",2020-03-18,0,0
"Crawford",2020-03-19,0,0
"Crawford",2020-03-20,0,0
"Crawford",2020-03-21,0,0
"Crawford",2020-03-22,0,0
"Crawford",2020-03-23,0,0
"Crawford",2020-03-24,0,0
"Crawford",2020-03-25,0,0
"Crawford",2020-03-26,1,0
"Crawford",2020-03-27,1,0
"Crawford",2020-03-28,2,0
"Crawford",2020-03-29,3,0
"Crawford",2020-03-30,4,0
"Crawford",2020-03-31,4,0
"Crawford",2020-04-01,5,0
"Crawford",2020-04-02,5,0
"Crawford",2020-04-03,5,0
"Crawford",2020-04-04,5,0
"Crawford",2020-04-05,7,0
"Crawford",2020-04-06,9,0
"Crawford",2020-04-07,8,0
"Crawford",2020-04-08,8,0
"Crawford",2020-04-09,13,0
"Crawford",2020-04-10,13,0
"Crawford",2020-04-11,15,0
"Crawford",2020-04-12,15,0
"Crawford",2020-04-13,16,0
"Crawford",2020-04-14,16,0
"Crawford",2020-04-15,16,0
"Crawford",2020-04-16,16,0
"Crawford",2020-04-17,16,0
"Crawford",2020-04-18,16,0
"Crawford",2020-04-19,16,0
"Crawford",2020-04-20,16,0
"Cumberland",2020-03-05,0,0
"Cumberland",2020-03-06,0,0
"Cumberland",2020-03-07,0,0
"Cumberland",2020-03-08,0,0
"Cumberland",2020-03-09,0,0
"Cumberland",2020-03-10,0,0
"Cumberland",2020-03-11,0,0
"Cumberland",2020-03-12,3,0
"Cumberland",2020-03-13,3,0
"Cumberland",2020-03-14,5,0
"Cumberland",2020-03-15,5,0
"Cumberland",2020-03-16,5,0
"Cumberland",2020-03-17,10,0
"Cumberland",2020-03-18,10,0
"Cumberland",2020-03-19,11,0
"Cumberland",2020-03-20,11,0
"Cumberland",2020-03-21,11,0
"Cumberland",2020-03-22,11,0
"Cumberland",2020-03-23,12,0
"Cumberland",2020-03-24,13,0
"Cumberland",2020-03-25,13,0
"Cumberland",2020-03-26,15,0
"Cumberland",2020-03-27,16,0
"Cumberland",2020-03-28,22,1
"Cumberland",2020-03-29,22,1
"Cumberland",2020-03-30,24,1
"Cumberland",2020-03-31,36,1
"Cumberland",2020-04-01,38,1
"Cumberland",2020-04-02,41,1
"Cumberland",2020-04-03,45,2
"Cumberland",2020-04-04,54,2
"Cumberland",2020-04-05,58,2
"Cumberland",2020-04-06,68,2
"Cumberland",2020-04-07,77,2
"Cumberland",2020-04-08,84,2
"Cumberland",2020-04-09,88,2
"Cumberland",2020-04-10,96,2
"Cumberland",2020-04-11,105,3
"Cumberland",2020-04-12,110,3
"Cumberland",2020-04-13,122,3
"Cumberland",2020-04-14,124,4
"Cumberland",2020-04-15,131,4
"Cumberland",2020-04-16,137,4
"Cumberland",2020-04-17,154,4
"Cumberland",2020-04-18,176,4
"Cumberland",2020-04-19,182,4
"Cumberland",2020-04-20,186,4
"Dauphin",2020-03-05,0,0
"Dauphin",2020-03-06,0,0
"Dauphin",2020-03-07,0,0
"Dauphin",2020-03-08,0,0
"Dauphin",2020-03-09,0,0
"Dauphin",2020-03-10,0,0
"Dauphin",2020-03-11,0,0
"Dauphin",2020-03-12,0,0
"Dauphin",2020-03-13,0,0
"Dauphin",2020-03-14,0,0
"Dauphin",2020-03-15,0,0
"Dauphin",2020-03-16,0,0
"Dauphin",2020-03-17,0,0
"Dauphin",2020-03-18,0,0
"Dauphin",2020-03-19,0,0
"Dauphin",2020-03-20,0,0
"Dauphin",2020-03-21,0,0
"Dauphin",2020-03-22,1,0
"Dauphin",2020-03-23,1,0
"Dauphin",2020-03-24,4,0
"Dauphin",2020-03-25,10,0
"Dauphin",2020-03-26,13,0
"Dauphin",2020-03-27,18,0
"Dauphin",2020-03-28,23,0
"Dauphin",2020-03-29,35,0
"Dauphin",2020-03-30,36,0
"Dauphin",2020-03-31,45,1
"Dauphin",2020-04-01,59,1
"Dauphin",2020-04-02,67,1
"Dauphin",2020-04-03,79,1
"Dauphin",2020-04-04,99,1
"Dauphin",2020-04-05,118,1
"Dauphin",2020-04-06,132,1
"Dauphin",2020-04-07,155,1
"Dauphin",2020-04-08,168,2
"Dauphin",2020-04-09,180,2
"Dauphin",2020-04-10,199,2
"Dauphin",2020-04-11,213,3
"Dauphin",2020-04-12,229,4
"Dauphin",2020-04-13,240,4
"Dauphin",2020-04-14,249,5
"Dauphin",2020-04-15,271,5
"Dauphin",2020-04-16,287,7
"Dauphin",2020-04-17,311,7
"Dauphin",2020-04-18,343,9
"Dauphin",2020-04-19,368,9
"Dauphin",2020-04-20,386,9
"Delaware",2020-03-05,0,0
"Delaware",2020-03-06,0,0
"Delaware",2020-03-07,0,0
"Delaware",2020-03-08,1,0
"Delaware",2020-03-09,1,0
"Delaware",2020-03-10,1,0
"Delaware",2020-03-11,1,0
"Delaware",2020-03-12,6,0
"Delaware",2020-03-13,6,0
"Delaware",2020-03-14,7,0
"Delaware",2020-03-15,7,0
"Delaware",2020-03-16,7,0
"Delaware",2020-03-17,9,0
"Delaware",2020-03-18,14,0
"Delaware",2020-03-19,14,0
"Delaware",2020-03-20,23,0
"Delaware",2020-03-21,33,0
"Delaware",2020-03-22,43,0
"Delaware",2020-03-23,54,0
"Delaware",2020-03-24,84,0
"Delaware",2020-03-25,101,0
"Delaware",2020-03-26,156,1
"Delaware",2020-03-27,185,3
"Delaware",2020-03-28,226,4
"Delaware",2020-03-29,276,4
"Delaware",2020-03-30,303,4
"Delaware",2020-03-31,338,5
"Delaware",2020-04-01,390,7
"Delaware",2020-04-02,470,8
"Delaware",2020-04-03,542,10
"Delaware",2020-04-04,616,13
"Delaware",2020-04-05,708,14
"Delaware",2020-04-06,822,15
"Delaware",2020-04-07,898,20
"Delaware",2020-04-08,1034,23
"Delaware",2020-04-09,1222,26
"Delaware",2020-04-10,1377,30
"Delaware",2020-04-11,1510,39
"Delaware",2020-04-12,1594,39
"Delaware",2020-04-13,1712,40
"Delaware",2020-04-14,1806,45
"Delaware",2020-04-15,1882,59
"Delaware",2020-04-16,1999,69
"Delaware",2020-04-17,2226,73
"Delaware",2020-04-18,2317,77
"Delaware",2020-04-19,2405,90
"Delaware",2020-04-20,2484,99
"Elk",2020-03-05,0,0
"Elk",2020-03-06,0,0
"Elk",2020-03-07,0,0
"Elk",2020-03-08,0,0
"Elk",2020-03-09,0,0
"Elk",2020-03-10,0,0
"Elk",2020-03-11,0,0
"Elk",2020-03-12,0,0
"Elk",2020-03-13,0,0
"Elk",2020-03-14,0,0
"Elk",2020-03-15,0,0
"Elk",2020-03-16,0,0
"Elk",2020-03-17,0,0
"Elk",2020-03-18,0,0
"Elk",2020-03-19,0,0
"Elk",2020-03-20,0,0
"Elk",2020-03-21,0,0
"Elk",2020-03-22,0,0
"Elk",2020-03-23,0,0
"Elk",2020-03-24,0,0
"Elk",2020-03-25,0,0
"Elk",2020-03-26,0,0
"Elk",2020-03-27,0,0
"Elk",2020-03-28,0,0
"Elk",2020-03-29,0,0
"Elk",2020-03-30,0,0
"Elk",2020-03-31,0,0
"Elk",2020-04-01,0,0
"Elk",2020-04-02,0,0
"Elk",2020-04-03,0,0
"Elk",2020-04-04,0,0
"Elk",2020-04-05,0,0
"Elk",2020-04-06,0,0
"Elk",2020-04-07,2,0
"Elk",2020-04-08,2,0
"Elk",2020-04-09,2,0
"Elk",2020-04-10,2,0
"Elk",2020-04-11,2,0
"Elk",2020-04-12,2,0
"Elk",2020-04-13,2,0
"Elk",2020-04-14,2,0
"Elk",2020-04-15,2,0
"Elk",2020-04-16,2,0
"Elk",2020-04-17,2,0
"Elk",2020-04-18,2,0
"Elk",2020-04-19,2,0
"Elk",2020-04-20,2,0
"Erie",2020-03-05,0,0
"Erie",2020-03-06,0,0
"Erie",2020-03-07,0,0
"Erie",2020-03-08,0,0
"Erie",2020-03-09,0,0
"Erie",2020-03-10,0,0
"Erie",2020-03-11,0,0
"Erie",2020-03-12,0,0
"Erie",2020-03-13,0,0
"Erie",2020-03-14,0,0
"Erie",2020-03-15,0,0
"Erie",2020-03-16,0,0
"Erie",2020-03-17,0,0
"Erie",2020-03-18,0,0
"Erie",2020-03-19,0,0
"Erie",2020-03-20,1,0
"Erie",2020-03-21,1,0
"Erie",2020-03-22,2,0
"Erie",2020-03-23,3,0
"Erie",2020-03-24,4,0
"Erie",2020-03-25,4,0
"Erie",2020-03-26,4,0
"Erie",2020-03-27,7,0
"Erie",2020-03-28,7,0
"Erie",2020-03-29,7,0
"Erie",2020-03-30,13,0
"Erie",2020-03-31,14,0
"Erie",2020-04-01,15,0
"Erie",2020-04-02,16,0
"Erie",2020-04-03,17,0
"Erie",2020-04-04,19,0
"Erie",2020-04-05,19,0
"Erie",2020-04-06,20,0
"Erie",2020-04-07,28,0
"Erie",2020-04-08,29,0
"Erie",2020-04-09,32,0
"Erie",2020-04-10,36,0
"Erie",2020-04-11,39,0
"Erie",2020-04-12,39,0
"Erie",2020-04-13,39,0
"Erie",2020-04-14,41,0
"Erie",2020-04-15,42,0
"Erie",2020-04-16,46,0
"Erie",2020-04-17,48,0
"Erie",2020-04-18,58,0
"Erie",2020-04-19,58,0
"Erie",2020-04-20,60,0
"Fayette",2020-03-05,0,0
"Fayette",2020-03-06,0,0
"Fayette",2020-03-07,0,0
"Fayette",2020-03-08,0,0
"Fayette",2020-03-09,0,0
"Fayette",2020-03-10,0,0
"Fayette",2020-03-11,0,0
"Fayette",2020-03-12,0,0
"Fayette",2020-03-13,0,0
"Fayette",2020-03-14,0,0
"Fayette",2020-03-15,0,0
"Fayette",2020-03-16,0,0
"Fayette",2020-03-17,0,0
"Fayette",2020-03-18,0,0
"Fayette",2020-03-19,0,0
"Fayette",2020-03-20,0,0
"Fayette",2020-03-21,0,0
"Fayette",2020-03-22,1,0
"Fayette",2020-03-23,1,0
"Fayette",2020-03-24,2,0
"Fayette",2020-03-25,4,0
"Fayette",2020-03-26,8,0
"Fayette",2020-03-27,9,0
"Fayette",2020-03-28,10,0
"Fayette",2020-03-29,10,0
"Fayette",2020-03-30,11,0
"Fayette",2020-03-31,14,0
"Fayette",2020-04-01,14,1
"Fayette",2020-04-02,15,1
"Fayette",2020-04-03,20,1
"Fayette",2020-04-04,23,1
"Fayette",2020-04-05,27,1
"Fayette",2020-04-06,29,1
"Fayette",2020-04-07,32,1
"Fayette",2020-04-08,35,1
"Fayette",2020-04-09,45,1
"Fayette",2020-04-10,49,1
"Fayette",2020-04-11,50,3
"Fayette",2020-04-12,54,3
"Fayette",2020-04-13,57,3
"Fayette",2020-04-14,58,3
"Fayette",2020-04-15,58,3
"Fayette",2020-04-16,60,3
"Fayette",2020-04-17,66,3
"Fayette",2020-04-18,66,3
"Fayette",2020-04-19,66,3
"Fayette",2020-04-20,67,3
"Forest",2020-03-05,0,0
"Forest",2020-03-06,0,0
"Forest",2020-03-07,0,0
"Forest",2020-03-08,0,0
"Forest",2020-03-09,0,0
"Forest",2020-03-10,0,0
"Forest",2020-03-11,0,0
"Forest",2020-03-12,0,0
"Forest",2020-03-13,0,0
"Forest",2020-03-14,0,0
"Forest",2020-03-15,0,0
"Forest",2020-03-16,0,0
"Forest",2020-03-17,0,0
"Forest",2020-03-18,0,0
"Forest",2020-03-19,0,0
"Forest",2020-03-20,0,0
"Forest",2020-03-21,0,0
"Forest",2020-03-22,0,0
"Forest",2020-03-23,0,0
"Forest",2020-03-24,0,0
"Forest",2020-03-25,0,0
"Forest",2020-03-26,0,0
"Forest",2020-03-27,0,0
"Forest",2020-03-28,0,0
"Forest",2020-03-29,0,0
"Forest",2020-03-30,0,0
"Forest",2020-03-31,0,0
"Forest",2020-04-01,0,0
"Forest",2020-04-02,1,0
"Forest",2020-04-03,1,0
"Forest",2020-04-04,2,0
"Forest",2020-04-05,3,0
"Forest",2020-04-06,4,0
"Forest",2020-04-07,5,0
"Forest",2020-04-08,5,0
"Forest",2020-04-09,5,0
"Forest",2020-04-10,5,0
"Forest",2020-04-11,5,0
"Forest",2020-04-12,5,0
"Forest",2020-04-13,5,0
"Forest",2020-04-14,5,0
"Forest",2020-04-15,5,0
"Forest",2020-04-16,7,0
"Forest",2020-04-17,7,0
"Forest",2020-04-18,7,0
"Forest",2020-04-19,7,0
"Forest",2020-04-20,7,0
"Franklin",2020-03-05,0,0
"Franklin",2020-03-06,0,0
"Franklin",2020-03-07,0,0
"Franklin",2020-03-08,0,0
"Franklin",2020-03-09,0,0
"Franklin",2020-03-10,0,0
"Franklin",2020-03-11,0,0
"Franklin",2020-03-12,0,0
"Franklin",2020-03-13,0,0
"Franklin",2020-03-14,0,0
"Franklin",2020-03-15,0,0
"Franklin",2020-03-16,0,0
"Franklin",2020-03-17,0,0
"Franklin",2020-03-18,0,0
"Franklin",2020-03-19,0,0
"Franklin",2020-03-20,1,0
"Franklin",2020-03-21,1,0
"Franklin",2020-03-22,1,0
"Franklin",2020-03-23,1,0
"Franklin",2020-03-24,3,0
"Franklin",2020-03-25,5,0
"Franklin",2020-03-26,5,0
"Franklin",2020-03-27,5,0
"Franklin",2020-03-28,7,0
"Franklin",2020-03-29,11,0
"Franklin",2020-03-30,12,0
"Franklin",2020-03-31,19,0
"Franklin",2020-04-01,21,0
"Franklin",2020-04-02,23,0
"Franklin",2020-04-03,26,0
"Franklin",2020-04-04,27,0
"Franklin",2020-04-05,30,0
"Franklin",2020-04-06,32,0
"Franklin",2020-04-07,39,0
"Franklin",2020-04-08,43,0
"Franklin",2020-04-09,52,0
"Franklin",2020-04-10,57,0
"Franklin",2020-04-11,59,0
"Franklin",2020-04-12,64,0
"Franklin",2020-04-13,66,0
"Franklin",2020-04-14,69,0
"Franklin",2020-04-15,78,0
"Franklin",2020-04-16,80,0
"Franklin",2020-04-17,89,0
"Franklin",2020-04-18,106,0
"Franklin",2020-04-19,111,0
"Franklin",2020-04-20,115,0
"Fulton",2020-03-05,0,0
"Fulton",2020-03-06,0,0
"Fulton",2020-03-07,0,0
"Fulton",2020-03-08,0,0
"Fulton",2020-03-09,0,0
"Fulton",2020-03-10,0,0
"Fulton",2020-03-11,0,0
"Fulton",2020-03-12,0,0
"Fulton",2020-03-13,0,0
"Fulton",2020-03-14,0,0
"Fulton",2020-03-15,0,0
"Fulton",2020-03-16,0,0
"Fulton",2020-03-17,0,0
"Fulton",2020-03-18,0,0
"Fulton",2020-03-19,0,0
"Fulton",2020-03-20,0,0
"Fulton",2020-03-21,0,0
"Fulton",2020-03-22,0,0
"Fulton",2020-03-23,0,0
"Fulton",2020-03-24,0,0
"Fulton",2020-03-25,0,0
"Fulton",2020-03-26,0,0
"Fulton",2020-03-27,0,0
"Fulton",2020-03-28,0,0
"Fulton",2020-03-29,0,0
"Fulton",2020-03-30,0,0
"Fulton",2020-03-31,0,0
"Fulton",2020-04-01,0,0
"Fulton",2020-04-02,0,0
"Fulton",2020-04-03,0,0
"Fulton",2020-04-04,0,0
"Fulton",2020-04-05,1,0
"Fulton",2020-04-06,1,0
"Fulton",2020-04-07,1,0
"Fulton",2020-04-08,1,0
"Fulton",2020-04-09,1,0
"Fulton",2020-04-10,1,0
"Fulton",2020-04-11,1,0
"Fulton",2020-04-12,1,0
"Fulton",2020-04-13,1,0
"Fulton",2020-04-14,2,0
"Fulton",2020-04-15,2,0
"Fulton",2020-04-16,2,0
"Fulton",2020-04-17,2,0
"Fulton",2020-04-18,2,0
"Fulton",2020-04-19,2,0
"Fulton",2020-04-20,2,0
"Greene",2020-03-05,0,0
"Greene",2020-03-06,0,0
"Greene",2020-03-07,0,0
"Greene",2020-03-08,0,0
"Greene",2020-03-09,0,0
"Greene",2020-03-10,0,0
"Greene",2020-03-11,0,0
"Greene",2020-03-12,0,0
"Greene",2020-03-13,0,0
"Greene",2020-03-14,0,0
"Greene",2020-03-15,0,0
"Greene",2020-03-16,0,0
"Greene",2020-03-17,0,0
"Greene",2020-03-18,0,0
"Greene",2020-03-19,0,0
"Greene",2020-03-20,0,0
"Greene",2020-03-21,0,0
"Greene",2020-03-22,0,0
"Greene",2020-03-23,0,0
"Greene",2020-03-24,0,0
"Greene",2020-03-25,2,0
"Greene",2020-03-26,3,0
"Greene",2020-03-27,4,0
"Greene",2020-03-28,6,0
"Greene",2020-03-29,6,0
"Greene",2020-03-30,7,0
"Greene",2020-03-31,9,0
"Greene",2020-04-01,9,0
"Greene",2020-04-02,11,0
"Greene",2020-04-03,11,0
"Greene",2020-04-04,12,0
"Greene",2020-04-05,12,0
"Greene",2020-04-06,12,0
"Greene",2020-04-07,15,0
"Greene",2020-04-08,17,0
"Greene",2020-04-09,21,0
"Greene",2020-04-10,21,0
"Greene",2020-04-11,23,0
"Greene",2020-04-12,23,0
"Greene",2020-04-13,23,0
"Greene",2020-04-14,23,0
"Greene",2020-04-15,23,0
"Greene",2020-04-16,24,0
"Greene",2020-04-17,24,0
"Greene",2020-04-18,24,0
"Greene",2020-04-19,24,0
"Greene",2020-04-20,25,0
"Huntingdon",2020-03-05,0,0
"Huntingdon",2020-03-06,0,0
"Huntingdon",2020-03-07,0,0
"Huntingdon",2020-03-08,0,0
"Huntingdon",2020-03-09,0,0
"Huntingdon",2020-03-10,0,0
"Huntingdon",2020-03-11,0,0
"Huntingdon",2020-03-12,0,0
"Huntingdon",2020-03-13,0,0
"Huntingdon",2020-03-14,0,0
"Huntingdon",2020-03-15,0,0
"Huntingdon",2020-03-16,0,0
"Huntingdon",2020-03-17,0,0
"Huntingdon",2020-03-18,0,0
"Huntingdon",2020-03-19,0,0
"Huntingdon",2020-03-20,0,0
"Huntingdon",2020-03-21,0,0
"Huntingdon",2020-03-22,0,0
"Huntingdon",2020-03-23,0,0
"Huntingdon",2020-03-24,0,0
"Huntingdon",2020-03-25,0,0
"Huntingdon",2020-03-26,0,0
"Huntingdon",2020-03-27,0,0
"Huntingdon",2020-03-28,1,0
"Huntingdon",2020-03-29,1,0
"Huntingdon",2020-03-30,1,0
"Huntingdon",2020-03-31,1,0
"Huntingdon",2020-04-01,1,0
"Huntingdon",2020-04-02,2,0
"Huntingdon",2020-04-03,3,0
"Huntingdon",2020-04-04,4,0
"Huntingdon",2020-04-05,4,0
"Huntingdon",2020-04-06,4,0
"Huntingdon",2020-04-07,5,0
"Huntingdon",2020-04-08,6,0
"Huntingdon",2020-04-09,8,0
"Huntingdon",2020-04-10,8,0
"Huntingdon",2020-04-11,10,0
"Huntingdon",2020-04-12,10,0
"Huntingdon",2020-04-13,11,0
"Huntingdon",2020-04-14,11,0
"Huntingdon",2020-04-15,12,0
"Huntingdon",2020-04-16,12,0
"Huntingdon",2020-04-17,12,0
"Huntingdon",2020-04-18,12,0
"Huntingdon",2020-04-19,13,0
"Huntingdon",2020-04-20,13,0
"Indiana",2020-03-05,0,0
"Indiana",2020-03-06,0,0
"Indiana",2020-03-07,0,0
"Indiana",2020-03-08,0,0
"Indiana",2020-03-09,0,0
"Indiana",2020-03-10,0,0
"Indiana",2020-03-11,0,0
"Indiana",2020-03-12,0,0
"Indiana",2020-03-13,0,0
"Indiana",2020-03-14,0,0
"Indiana",2020-03-15,0,0
"Indiana",2020-03-16,0,0
"Indiana",2020-03-17,0,0
"Indiana",2020-03-18,0,0
"Indiana",2020-03-19,0,0
"Indiana",2020-03-20,0,0
"Indiana",2020-03-21,0,0
"Indiana",2020-03-22,0,0
"Indiana",2020-03-23,0,0
"Indiana",2020-03-24,0,0
"Indiana",2020-03-25,0,0
"Indiana",2020-03-26,1,0
"Indiana",2020-03-27,2,0
"Indiana",2020-03-28,2,0
"Indiana",2020-03-29,2,0
"Indiana",2020-03-30,2,0
"Indiana",2020-03-31,6,0
"Indiana",2020-04-01,6,0
"Indiana",2020-04-02,6,0
"Indiana",2020-04-03,7,0
"Indiana",2020-04-04,9,0
"Indiana",2020-04-05,13,0
"Indiana",2020-04-06,17,0
"Indiana",2020-04-07,21,0
"Indiana",2020-04-08,21,0
"Indiana",2020-04-09,21,0
"Indiana",2020-04-10,26,0
"Indiana",2020-04-11,40,0
"Indiana",2020-04-12,40,0
"Indiana",2020-04-13,43,0
"Indiana",2020-04-14,43,0
"Indiana",2020-04-15,43,1
"Indiana",2020-04-16,44,2
"Indiana",2020-04-17,45,3
"Indiana",2020-04-18,47,4
"Indiana",2020-04-19,51,4
"Indiana",2020-04-20,53,4
"Jefferson",2020-03-05,0,0
"Jefferson",2020-03-06,0,0
"Jefferson",2020-03-07,0,0
"Jefferson",2020-03-08,0,0
"Jefferson",2020-03-09,0,0
"Jefferson",2020-03-10,0,0
"Jefferson",2020-03-11,0,0
"Jefferson",2020-03-12,0,0
"Jefferson",2020-03-13,0,0
"Jefferson",2020-03-14,0,0
"Jefferson",2020-03-15,0,0
"Jefferson",2020-03-16,0,0
"Jefferson",2020-03-17,0,0
"Jefferson",2020-03-18,0,0
"Jefferson",2020-03-19,0,0
"Jefferson",2020-03-20,0,0
"Jefferson",2020-03-21,0,0
"Jefferson",2020-03-22,0,0
"Jefferson",2020-03-23,0,0
"Jefferson",2020-03-24,0,0
"Jefferson",2020-03-25,0,0
"Jefferson",2020-03-26,0,0
"Jefferson",2020-03-27,0,0
"Jefferson",2020-03-28,0,0
"Jefferson",2020-03-29,0,0
"Jefferson",2020-03-30,0,0
"Jefferson",2020-03-31,0,0
"Jefferson",2020-04-01,0,0
"Jefferson",2020-04-02,0,0
"Jefferson",2020-04-03,0,0
"Jefferson",2020-04-04,0,0
"Jefferson",2020-04-05,0,0
"Jefferson",2020-04-06,0,0
"Jefferson",2020-04-07,1,0
"Jefferson",2020-04-08,1,0
"Jefferson",2020-04-09,1,0
"Jefferson",2020-04-10,1,0
"Jefferson",2020-04-11,1,0
"Jefferson",2020-04-12,2,0
"Jefferson",2020-04-13,2,0
"Jefferson",2020-04-14,2,0
"Jefferson",2020-04-15,2,0
"Jefferson",2020-04-16,2,0
"Jefferson",2020-04-17,2,0
"Jefferson",2020-04-18,2,0
"Jefferson",2020-04-19,2,0
"Jefferson",2020-04-20,3,0
"Juniata",2020-03-05,0,0
"Juniata",2020-03-06,0,0
"Juniata",2020-03-07,0,0
"Juniata",2020-03-08,0,0
"Juniata",2020-03-09,0,0
"Juniata",2020-03-10,0,0
"Juniata",2020-03-11,0,0
"Juniata",2020-03-12,0,0
"Juniata",2020-03-13,0,0
"Juniata",2020-03-14,0,0
"Juniata",2020-03-15,0,0
"Juniata",2020-03-16,0,0
"Juniata",2020-03-17,0,0
"Juniata",2020-03-18,0,0
"Juniata",2020-03-19,0,0
"Juniata",2020-03-20,0,0
"Juniata",2020-03-21,0,0
"Juniata",2020-03-22,0,0
"Juniata",2020-03-23,0,0
"Juniata",2020-03-24,1,0
"Juniata",2020-03-25,1,0
"Juniata",2020-03-26,1,0
"Juniata",2020-03-27,1,0
"Juniata",2020-03-28,1,0
"Juniata",2020-03-29,1,0
"Juniata",2020-03-30,3,0
"Juniata",2020-03-31,3,0
"Juniata",2020-04-01,2,0
"Juniata",2020-04-02,2,0
"Juniata",2020-04-03,5,0
"Juniata",2020-04-04,7,0
"Juniata",2020-04-05,7,0
"Juniata",2020-04-06,11,0
"Juniata",2020-04-07,14,0
"Juniata",2020-04-08,18,0
"Juniata",2020-04-09,23,0
"Juniata",2020-04-10,30,0
"Juniata",2020-04-11,38,0
"Juniata",2020-04-12,38,0
"Juniata",2020-04-13,39,0
"Juniata",2020-04-14,43,0
"Juniata",2020-04-15,47,0
"Juniata",2020-04-16,56,0
"Juniata",2020-04-17,63,0
"Juniata",2020-04-18,66,0
"Juniata",2020-04-19,70,0
"Juniata",2020-04-20,72,0
"Lackawanna",2020-03-05,0,0
"Lackawanna",2020-03-06,0,0
"Lackawanna",2020-03-07,0,0
"Lackawanna",2020-03-08,0,0
"Lackawanna",2020-03-09,0,0
"Lackawanna",2020-03-10,0,0
"Lackawanna",2020-03-11,0,0
"Lackawanna",2020-03-12,0,0
"Lackawanna",2020-03-13,0,0
"Lackawanna",2020-03-14,0,0
"Lackawanna",2020-03-15,0,0
"Lackawanna",2020-03-16,0,0
"Lackawanna",2020-03-17,0,0
"Lackawanna",2020-03-18,1,0
"Lackawanna",2020-03-19,2,0
"Lackawanna",2020-03-20,4,0
"Lackawanna",2020-03-21,5,0
"Lackawanna",2020-03-22,6,0
"Lackawanna",2020-03-23,7,1
"Lackawanna",2020-03-24,15,1
"Lackawanna",2020-03-25,18,2
"Lackawanna",2020-03-26,28,2
"Lackawanna",2020-03-27,35,2
"Lackawanna",2020-03-28,51,2
"Lackawanna",2020-03-29,56,2
"Lackawanna",2020-03-30,62,2
"Lackawanna",2020-03-31,78,3
"Lackawanna",2020-04-01,85,3
"Lackawanna",2020-04-02,108,3
"Lackawanna",2020-04-03,119,4
"Lackawanna",2020-04-04,146,6
"Lackawanna",2020-04-05,172,6
"Lackawanna",2020-04-06,190,7
"Lackawanna",2020-04-07,235,8
"Lackawanna",2020-04-08,266,10
"Lackawanna",2020-04-09,312,16
"Lackawanna",2020-04-10,346,18
"Lackawanna",2020-04-11,392,20
"Lackawanna",2020-04-12,427,20
"Lackawanna",2020-04-13,459,21
"Lackawanna",2020-04-14,501,24
"Lackawanna",2020-04-15,527,26
"Lackawanna",2020-04-16,559,28
"Lackawanna",2020-04-17,592,30
"Lackawanna",2020-04-18,620,35
"Lackawanna",2020-04-19,636,41
"Lackawanna",2020-04-20,646,41
"Lancaster",2020-03-05,0,0
"Lancaster",2020-03-06,0,0
"Lancaster",2020-03-07,0,0
"Lancaster",2020-03-08,0,0
"Lancaster",2020-03-09,0,0
"Lancaster",2020-03-10,0,0
"Lancaster",2020-03-11,0,0
"Lancaster",2020-03-12,0,0
"Lancaster",2020-03-13,0,0
"Lancaster",2020-03-14,0,0
"Lancaster",2020-03-15,0,0
"Lancaster",2020-03-16,0,0
"Lancaster",2020-03-17,0,0
"Lancaster",2020-03-18,0,0
"Lancaster",2020-03-19,2,0
"Lancaster",2020-03-20,2,0
"Lancaster",2020-03-21,4,0
"Lancaster",2020-03-22,6,0
"Lancaster",2020-03-23,5,0
"Lancaster",2020-03-24,10,0
"Lancaster",2020-03-25,12,0
"Lancaster",2020-03-26,21,0
"Lancaster",2020-03-27,33,0
"Lancaster",2020-03-28,45,1
"Lancaster",2020-03-29,67,2
"Lancaster",2020-03-30,97,2
"Lancaster",2020-03-31,123,3
"Lancaster",2020-04-01,157,3
"Lancaster",2020-04-02,203,4
"Lancaster",2020-04-03,232,5
"Lancaster",2020-04-04,291,5
"Lancaster",2020-04-05,371,8
"Lancaster",2020-04-06,408,11
"Lancaster",2020-04-07,490,14
"Lancaster",2020-04-08,561,16
"Lancaster",2020-04-09,596,17
"Lancaster",2020-04-10,648,21
"Lancaster",2020-04-11,698,23
"Lancaster",2020-04-12,772,24
"Lancaster",2020-04-13,828,24
"Lancaster",2020-04-14,865,26
"Lancaster",2020-04-15,914,29
"Lancaster",2020-04-16,970,33
"Lancaster",2020-04-17,1030,35
"Lancaster",2020-04-18,1113,36
"Lancaster",2020-04-19,1188,60
"Lancaster",2020-04-20,1236,66
"Lawrence",2020-03-05,0,0
"Lawrence",2020-03-06,0,0
"Lawrence",2020-03-07,0,0
"Lawrence",2020-03-08,0,0
"Lawrence",2020-03-09,0,0
"Lawrence",2020-03-10,0,0
"Lawrence",2020-03-11,0,0
"Lawrence",2020-03-12,0,0
"Lawrence",2020-03-13,0,0
"Lawrence",2020-03-14,0,0
"Lawrence",2020-03-15,0,0
"Lawrence",2020-03-16,0,0
"Lawrence",2020-03-17,0,0
"Lawrence",2020-03-18,0,0
"Lawrence",2020-03-19,0,0
"Lawrence",2020-03-20,0,0
"Lawrence",2020-03-21,0,0
"Lawrence",2020-03-22,0,0
"Lawrence",2020-03-23,0,0
"Lawrence",2020-03-24,0,0
"Lawrence",2020-03-25,1,0
"Lawrence",2020-03-26,1,0
"Lawrence",2020-03-27,4,0
"Lawrence",2020-03-28,8,0
"Lawrence",2020-03-29,8,1
"Lawrence",2020-03-30,10,1
"Lawrence",2020-03-31,13,2
"Lawrence",2020-04-01,13,2
"Lawrence",2020-04-02,16,2
"Lawrence",2020-04-03,19,2
"Lawrence",2020-04-04,22,2
"Lawrence",2020-04-05,23,2
"Lawrence",2020-04-06,24,2
"Lawrence",2020-04-07,29,2
"Lawrence",2020-04-08,32,2
"Lawrence",2020-04-09,37,2
"Lawrence",2020-04-10,45,3
"Lawrence",2020-04-11,46,4
"Lawrence",2020-04-12,49,4
"Lawrence",2020-04-13,51,4
"Lawrence",2020-04-14,51,4
"Lawrence",2020-04-15,55,5
"Lawrence",2020-04-16,55,5
"Lawrence",2020-04-17,59,5
"Lawrence",2020-04-18,60,5
"Lawrence",2020-04-19,59,5
"Lawrence",2020-04-20,59,5
"Lebanon",2020-03-05,0,0
"Lebanon",2020-03-06,0,0
"Lebanon",2020-03-07,0,0
"Lebanon",2020-03-08,0,0
"Lebanon",2020-03-09,0,0
"Lebanon",2020-03-10,0,0
"Lebanon",2020-03-11,0,0
"Lebanon",2020-03-12,0,0
"Lebanon",2020-03-13,0,0
"Lebanon",2020-03-14,0,0
"Lebanon",2020-03-15,0,0
"Lebanon",2020-03-16,0,0
"Lebanon",2020-03-17,0,0
"Lebanon",2020-03-18,0,0
"Lebanon",2020-03-19,1,0
"Lebanon",2020-03-20,1,0
"Lebanon",2020-03-21,1,0
"Lebanon",2020-03-22,3,0
"Lebanon",2020-03-23,3,0
"Lebanon",2020-03-24,3,0
"Lebanon",2020-03-25,3,0
"Lebanon",2020-03-26,4,0
"Lebanon",2020-03-27,12,0
"Lebanon",2020-03-28,15,0
"Lebanon",2020-03-29,19,0
"Lebanon",2020-03-30,27,0
"Lebanon",2020-03-31,28,0
"Lebanon",2020-04-01,36,0
"Lebanon",2020-04-02,45,0
"Lebanon",2020-04-03,54,0
"Lebanon",2020-04-04,87,0
"Lebanon",2020-04-05,106,0
"Lebanon",2020-04-06,124,0
"Lebanon",2020-04-07,145,0
"Lebanon",2020-04-08,169,0
"Lebanon",2020-04-09,187,0
"Lebanon",2020-04-10,218,1
"Lebanon",2020-04-11,232,1
"Lebanon",2020-04-12,270,1
"Lebanon",2020-04-13,284,2
"Lebanon",2020-04-14,328,2
"Lebanon",2020-04-15,349,2
"Lebanon",2020-04-16,380,2
"Lebanon",2020-04-17,424,2
"Lebanon",2020-04-18,458,4
"Lebanon",2020-04-19,484,4
"Lebanon",2020-04-20,502,5
"Lehigh",2020-03-05,0,0
"Lehigh",2020-03-06,0,0
"Lehigh",2020-03-07,0,0
"Lehigh",2020-03-08,0,0
"Lehigh",2020-03-09,0,0
"Lehigh",2020-03-10,0,0
"Lehigh",2020-03-11,0,0
"Lehigh",2020-03-12,0,0
"Lehigh",2020-03-13,0,0
"Lehigh",2020-03-14,1,0
"Lehigh",2020-03-15,1,0
"Lehigh",2020-03-16,1,0
"Lehigh",2020-03-17,1,0
"Lehigh",2020-03-18,1,0
"Lehigh",2020-03-19,1,0
"Lehigh",2020-03-20,2,0
"Lehigh",2020-03-21,13,0
"Lehigh",2020-03-22,19,0
"Lehigh",2020-03-23,25,0
"Lehigh",2020-03-24,27,0
"Lehigh",2020-03-25,38,0
"Lehigh",2020-03-26,63,1
"Lehigh",2020-03-27,93,2
"Lehigh",2020-03-28,109,3
"Lehigh",2020-03-29,151,3
"Lehigh",2020-03-30,231,3
"Lehigh",2020-03-31,272,4
"Lehigh",2020-04-01,374,5
"Lehigh",2020-04-02,479,5
"Lehigh",2020-04-03,584,5
"Lehigh",2020-04-04,804,7
"Lehigh",2020-04-05,877,8
"Lehigh",2020-04-06,1006,8
"Lehigh",2020-04-07,1146,10
"Lehigh",2020-04-08,1319,11
"Lehigh",2020-04-09,1466,13
"Lehigh",2020-04-10,1562,16
"Lehigh",2020-04-11,1620,16
"Lehigh",2020-04-12,1684,18
"Lehigh",2020-04-13,1747,19
"Lehigh",2020-04-14,1803,23
"Lehigh",2020-04-15,1922,25
"Lehigh",2020-04-16,1999,28
"Lehigh",2020-04-17,2092,29
"Lehigh",2020-04-18,2141,29
"Lehigh",2020-04-19,2203,32
"Lehigh",2020-04-20,2245,33
"Luzerne",2020-03-05,0,0
"Luzerne",2020-03-06,0,0
"Luzerne",2020-03-07,0,0
"Luzerne",2020-03-08,0,0
"Luzerne",2020-03-09,0,0
"Luzerne",2020-03-10,0,0
"Luzerne",2020-03-11,0,0
"Luzerne",2020-03-12,0,0
"Luzerne",2020-03-13,0,0
"Luzerne",2020-03-14,1,0
"Luzerne",2020-03-15,1,0
"Luzerne",2020-03-16,1,0
"Luzerne",2020-03-17,1,0
"Luzerne",2020-03-18,1,0
"Luzerne",2020-03-19,1,0
"Luzerne",2020-03-20,2,0
"Luzerne",2020-03-21,6,0
"Luzerne",2020-03-22,7,0
"Luzerne",2020-03-23,10,0
"Luzerne",2020-03-24,21,0
"Luzerne",2020-03-25,27,0
"Luzerne",2020-03-26,36,1
"Luzerne",2020-03-27,55,2
"Luzerne",2020-03-28,65,2
"Luzerne",2020-03-29,94,2
"Luzerne",2020-03-30,150,3
"Luzerne",2020-03-31,212,4
"Luzerne",2020-04-01,282,4
"Luzerne",2020-04-02,384,5
"Luzerne",2020-04-03,484,5
"Luzerne",2020-04-04,648,5
"Luzerne",2020-04-05,741,5
"Luzerne",2020-04-06,849,5
"Luzerne",2020-04-07,982,8
"Luzerne",2020-04-08,1134,11
"Luzerne",2020-04-09,1241,12
"Luzerne",2020-04-10,1325,15
"Luzerne",2020-04-11,1372,17
"Luzerne",2020-04-12,1411,17
"Luzerne",2020-04-13,1446,21
"Luzerne",2020-04-14,1523,26
"Luzerne",2020-04-15,1567,27
"Luzerne",2020-04-16,1611,28
"Luzerne",2020-04-17,1668,31
"Luzerne",2020-04-18,1712,32
"Luzerne",2020-04-19,1741,34
"Luzerne",2020-04-20,1767,36
"Lycoming",2020-03-05,0,0
"Lycoming",2020-03-06,0,0
"Lycoming",2020-03-07,0,0
"Lycoming",2020-03-08,0,0
"Lycoming",2020-03-09,0,0
"Lycoming",2020-03-10,0,0
"Lycoming",2020-03-11,0,0
"Lycoming",2020-03-12,0,0
"Lycoming",2020-03-13,0,0
"Lycoming",2020-03-14,0,0
"Lycoming",2020-03-15,0,0
"Lycoming",2020-03-16,0,0
"Lycoming",2020-03-17,0,0
"Lycoming",2020-03-18,0,0
"Lycoming",2020-03-19,0,0
"Lycoming",2020-03-20,0,0
"Lycoming",2020-03-21,0,0
"Lycoming",2020-03-22,0,0
"Lycoming",2020-03-23,0,0
"Lycoming",2020-03-24,0,0
"Lycoming",2020-03-25,0,0
"Lycoming",2020-03-26,1,0
"Lycoming",2020-03-27,2,0
"Lycoming",2020-03-28,2,0
"Lycoming",2020-03-29,3,0
"Lycoming",2020-03-30,4,0
"Lycoming",2020-03-31,6,0
"Lycoming",2020-04-01,7,0
"Lycoming",2020-04-02,7,0
"Lycoming",2020-04-03,8,0
"Lycoming",2020-04-04,10,0
"Lycoming",2020-04-05,9,0
"Lycoming",2020-04-06,10,0
"Lycoming",2020-04-07,12,0
"Lycoming",2020-04-08,15,0
"Lycoming",2020-04-09,17,0
"Lycoming",2020-04-10,18,0
"Lycoming",2020-04-11,20,0
"Lycoming",2020-04-12,23,0
"Lycoming",2020-04-13,28,0
"Lycoming",2020-04-14,29,0
"Lycoming",2020-04-15,30,0
"Lycoming",2020-04-16,30,0
"Lycoming",2020-04-17,32,0
"Lycoming",2020-04-18,36,0
"Lycoming",2020-04-19,37,0
"Lycoming",2020-04-20,40,0
"McKean",2020-03-05,0,0
"McKean",2020-03-06,0,0
"McKean",2020-03-07,0,0
"McKean",2020-03-08,0,0
"McKean",2020-03-09,0,0
"McKean",2020-03-10,0,0
"McKean",2020-03-11,0,0
"McKean",2020-03-12,0,0
"McKean",2020-03-13,0,0
"McKean",2020-03-14,0,0
"McKean",2020-03-15,0,0
"McKean",2020-03-16,0,0
"McKean",2020-03-17,0,0
"McKean",2020-03-18,0,0
"McKean",2020-03-19,0,0
"McKean",2020-03-20,0,0
"McKean",2020-03-21,0,0
"McKean",2020-03-22,0,0
"McKean",2020-03-23,0,0
"McKean",2020-03-24,0,0
"McKean",2020-03-25,0,0
"McKean",2020-03-26,0,0
"McKean",2020-03-27,0,0
"McKean",2020-03-28,1,0
"McKean",2020-03-29,1,0
"McKean",2020-03-30,1,0
"McKean",2020-03-31,1,0
"McKean",2020-04-01,1,0
"McKean",2020-04-02,1,0
"McKean",2020-04-03,1,0
"McKean",2020-04-04,1,0
"McKean",2020-04-05,1,0
"McKean",2020-04-06,1,0
"McKean",2020-04-07,1,0
"McKean",2020-04-08,1,0
"McKean",2020-04-09,1,0
"McKean",2020-04-10,1,0
"McKean",2020-04-11,2,0
"McKean",2020-04-12,2,0
"McKean",2020-04-13,3,0
"McKean",2020-04-14,4,0
"McKean",2020-04-15,4,0
"McKean",2020-04-16,4,0
"McKean",2020-04-17,4,0
"McKean",2020-04-18,4,0
"McKean",2020-04-19,4,0
"McKean",2020-04-20,4,0
"Mercer",2020-03-05,0,0
"Mercer",2020-03-06,0,0
"Mercer",2020-03-07,0,0
"Mercer",2020-03-08,0,0
"Mercer",2020-03-09,0,0
"Mercer",2020-03-10,0,0
"Mercer",2020-03-11,0,0
"Mercer",2020-03-12,0,0
"Mercer",2020-03-13,0,0
"Mercer",2020-03-14,0,0
"Mercer",2020-03-15,0,0
"Mercer",2020-03-16,0,0
"Mercer",2020-03-17,0,0
"Mercer",2020-03-18,0,0
"Mercer",2020-03-19,0,0
"Mercer",2020-03-20,0,0
"Mercer",2020-03-21,0,0
"Mercer",2020-03-22,1,0
"Mercer",2020-03-23,1,0
"Mercer",2020-03-24,2,0
"Mercer",2020-03-25,2,0
"Mercer",2020-03-26,3,0
"Mercer",2020-03-27,4,0
"Mercer",2020-03-28,6,0
"Mercer",2020-03-29,7,0
"Mercer",2020-03-30,7,0
"Mercer",2020-03-31,8,0
"Mercer",2020-04-01,8,0
"Mercer",2020-04-02,9,0
"Mercer",2020-04-03,10,0
"Mercer",2020-04-04,14,0
"Mercer",2020-04-05,18,0
"Mercer",2020-04-06,18,0
"Mercer",2020-04-07,26,0
"Mercer",2020-04-08,27,0
"Mercer",2020-04-09,30,0
"Mercer",2020-04-10,36,0
"Mercer",2020-04-11,38,0
"Mercer",2020-04-12,40,0
"Mercer",2020-04-13,43,0
"Mercer",2020-04-14,44,0
"Mercer",2020-04-15,47,0
"Mercer",2020-04-16,50,0
"Mercer",2020-04-17,56,1
"Mercer",2020-04-18,57,1
"Mercer",2020-04-19,59,1
"Mercer",2020-04-20,59,1
"Mifflin",2020-03-05,0,0
"Mifflin",2020-03-06,0,0
"Mifflin",2020-03-07,0,0
"Mifflin",2020-03-08,0,0
"Mifflin",2020-03-09,0,0
"Mifflin",2020-03-10,0,0
"Mifflin",2020-03-11,0,0
"Mifflin",2020-03-12,0,0
"Mifflin",2020-03-13,0,0
"Mifflin",2020-03-14,0,0
"Mifflin",2020-03-15,0,0
"Mifflin",2020-03-16,0,0
"Mifflin",2020-03-17,0,0
"Mifflin",2020-03-18,0,0
"Mifflin",2020-03-19,0,0
"Mifflin",2020-03-20,0,0
"Mifflin",2020-03-21,0,0
"Mifflin",2020-03-22,0,0
"Mifflin",2020-03-23,0,0
"Mifflin",2020-03-24,0,0
"Mifflin",2020-03-25,0,0
"Mifflin",2020-03-26,0,0
"Mifflin",2020-03-27,0,0
"Mifflin",2020-03-28,0,0
"Mifflin",2020-03-29,2,0
"Mifflin",2020-03-30,1,0
"Mifflin",2020-03-31,2,0
"Mifflin",2020-04-01,1,0
"Mifflin",2020-04-02,1,0
"Mifflin",2020-04-03,2,0
"Mifflin",2020-04-04,4,0
"Mifflin",2020-04-05,9,0
"Mifflin",2020-04-06,5,0
"Mifflin",2020-04-07,6,0
"Mifflin",2020-04-08,10,0
"Mifflin",2020-04-09,10,0
"Mifflin",2020-04-10,11,0
"Mifflin",2020-04-11,10,0
"Mifflin",2020-04-12,12,0
"Mifflin",2020-04-13,17,0
"Mifflin",2020-04-14,16,0
"Mifflin",2020-04-15,15,0
"Mifflin",2020-04-16,15,0
"Mifflin",2020-04-17,17,0
"Mifflin",2020-04-18,19,0
"Mifflin",2020-04-19,20,0
"Mifflin",2020-04-20,20,0
"Monroe",2020-03-05,0,0
"Monroe",2020-03-06,0,0
"Monroe",2020-03-07,0,0
"Monroe",2020-03-08,1,0
"Monroe",2020-03-09,1,0
"Monroe",2020-03-10,2,0
"Monroe",2020-03-11,2,0
"Monroe",2020-03-12,3,0
"Monroe",2020-03-13,3,0
"Monroe",2020-03-14,0,0
"Monroe",2020-03-15,6,0
"Monroe",2020-03-16,8,0
"Monroe",2020-03-17,8,0
"Monroe",2020-03-18,7,0
"Monroe",2020-03-19,15,0
"Monroe",2020-03-20,19,0
"Monroe",2020-03-21,25,0
"Monroe",2020-03-22,31,0
"Monroe",2020-03-23,43,1
"Monroe",2020-03-24,45,1
"Monroe",2020-03-25,51,1
"Monroe",2020-03-26,67,2
"Monroe",2020-03-27,98,2
"Monroe",2020-03-28,106,2
"Monroe",2020-03-29,135,3
"Monroe",2020-03-30,182,7
"Monroe",2020-03-31,236,7
"Monroe",2020-04-01,278,8
"Monroe",2020-04-02,321,10
"Monroe",2020-04-03,397,10
"Monroe",2020-04-04,484,11
"Monroe",2020-04-05,528,11
"Monroe",2020-04-06,572,11
"Monroe",2020-04-07,610,12
"Monroe",2020-04-08,671,17
"Monroe",2020-04-09,716,19
"Monroe",2020-04-10,752,19
"Monroe",2020-04-11,774,22
"Monroe",2020-04-12,795,23
"Monroe",2020-04-13,816,24
"Monroe",2020-04-14,847,27
"Monroe",2020-04-15,872,28
"Monroe",2020-04-16,898,29
"Monroe",2020-04-17,929,29
"Monroe",2020-04-18,943,34
"Monroe",2020-04-19,963,38
"Monroe",2020-04-20,970,39
"Montgomery",2020-03-05,2,0
"Montgomery",2020-03-06,4,0
"Montgomery",2020-03-07,6,0
"Montgomery",2020-03-08,7,0
"Montgomery",2020-03-09,8,0
"Montgomery",2020-03-10,9,0
"Montgomery",2020-03-11,13,0
"Montgomery",2020-03-12,18,0
"Montgomery",2020-03-13,20,0
"Montgomery",2020-03-14,24,0
"Montgomery",2020-03-15,24,0
"Montgomery",2020-03-16,30,0
"Montgomery",2020-03-17,32,0
"Montgomery",2020-03-18,42,0
"Montgomery",2020-03-19,47,0
"Montgomery",2020-03-20,59,0
"Montgomery",2020-03-21,71,0
"Montgomery",2020-03-22,87,0
"Montgomery",2020-03-23,129,1
"Montgomery",2020-03-24,144,1
"Montgomery",2020-03-25,172,1
"Montgomery",2020-03-26,282,2
"Montgomery",2020-03-27,374,3
"Montgomery",2020-03-28,411,5
"Montgomery",2020-03-29,488,5
"Montgomery",2020-03-30,540,5
"Montgomery",2020-03-31,570,6
"Montgomery",2020-04-01,649,8
"Montgomery",2020-04-02,735,9
"Montgomery",2020-04-03,875,11
"Montgomery",2020-04-04,982,17
"Montgomery",2020-04-05,1111,18
"Montgomery",2020-04-06,1230,18
"Montgomery",2020-04-07,1359,30
"Montgomery",2020-04-08,1521,37
"Montgomery",2020-04-09,1693,37
"Montgomery",2020-04-10,1889,50
"Montgomery",2020-04-11,2053,60
"Montgomery",2020-04-12,2164,63
"Montgomery",2020-04-13,2285,65
"Montgomery",2020-04-14,2354,76
"Montgomery",2020-04-15,2475,82
"Montgomery",2020-04-16,2544,89
"Montgomery",2020-04-17,2684,97
"Montgomery",2020-04-18,2781,106
"Montgomery",2020-04-19,2913,164
"Montgomery",2020-04-20,3040,184
"Montour",2020-03-05,0,0
"Montour",2020-03-06,0,0
"Montour",2020-03-07,0,0
"Montour",2020-03-08,0,0
"Montour",2020-03-09,0,0
"Montour",2020-03-10,0,0
"Montour",2020-03-11,0,0
"Montour",2020-03-12,0,0
"Montour",2020-03-13,0,0
"Montour",2020-03-14,0,0
"Montour",2020-03-15,0,0
"Montour",2020-03-16,0,0
"Montour",2020-03-17,0,0
"Montour",2020-03-18,0,0
"Montour",2020-03-19,0,0
"Montour",2020-03-20,0,0
"Montour",2020-03-21,0,0
"Montour",2020-03-22,1,0
"Montour",2020-03-23,1,0
"Montour",2020-03-24,3,0
"Montour",2020-03-25,4,0
"Montour",2020-03-26,4,0
"Montour",2020-03-27,4,0
"Montour",2020-03-28,5,0
"Montour",2020-03-29,4,0
"Montour",2020-03-30,10,0
"Montour",2020-03-31,9,0
"Montour",2020-04-01,13,0
"Montour",2020-04-02,15,0
"Montour",2020-04-03,16,0
"Montour",2020-04-04,19,0
"Montour",2020-04-05,37,0
"Montour",2020-04-06,33,0
"Montour",2020-04-07,27,0
"Montour",2020-04-08,26,0
"Montour",2020-04-09,25,0
"Montour",2020-04-10,29,0
"Montour",2020-04-11,29,0
"Montour",2020-04-12,29,0
"Montour",2020-04-13,39,0
"Montour",2020-04-14,44,0
"Montour",2020-04-15,44,0
"Montour",2020-04-16,48,0
"Montour",2020-04-17,48,0
"Montour",2020-04-18,49,0
"Montour",2020-04-19,48,0
"Montour",2020-04-20,48,0
"Northampton",2020-03-05,0,0
"Northampton",2020-03-06,0,0
"Northampton",2020-03-07,0,0
"Northampton",2020-03-08,0,0
"Northampton",2020-03-09,0,0
"Northampton",2020-03-10,0,0
"Northampton",2020-03-11,1,0
"Northampton",2020-03-12,1,0
"Northampton",2020-03-13,1,0
"Northampton",2020-03-14,1,0
"Northampton",2020-03-15,1,0
"Northampton",2020-03-16,1,0
"Northampton",2020-03-17,1,0
"Northampton",2020-03-18,1,0
"Northampton",2020-03-19,5,1
"Northampton",2020-03-20,10,0
"Northampton",2020-03-21,17,1
"Northampton",2020-03-22,21,1
"Northampton",2020-03-23,23,2
"Northampton",2020-03-24,33,2
"Northampton",2020-03-25,44,3
"Northampton",2020-03-26,56,3
"Northampton",2020-03-27,79,3
"Northampton",2020-03-28,94,4
"Northampton",2020-03-29,126,4
"Northampton",2020-03-30,184,5
"Northampton",2020-03-31,245,5
"Northampton",2020-04-01,312,5
"Northampton",2020-04-02,378,9
"Northampton",2020-04-03,466,10
"Northampton",2020-04-04,588,11
"Northampton",2020-04-05,636,11
"Northampton",2020-04-06,716,12
"Northampton",2020-04-07,774,14
"Northampton",2020-04-08,857,17
"Northampton",2020-04-09,949,20
"Northampton",2020-04-10,994,21
"Northampton",2020-04-11,1039,23
"Northampton",2020-04-12,1082,23
"Northampton",2020-04-13,1130,23
"Northampton",2020-04-14,1176,25
"Northampton",2020-04-15,1251,25
"Northampton",2020-04-16,1296,25
"Northampton",2020-04-17,1335,27
"Northampton",2020-04-18,1396,29
"Northampton",2020-04-19,1441,36
"Northampton",2020-04-20,1469,36
"Northumberland",2020-03-05,0,0
"Northumberland",2020-03-06,0,0
"Northumberland",2020-03-07,0,0
"Northumberland",2020-03-08,0,0
"Northumberland",2020-03-09,0,0
"Northumberland",2020-03-10,0,0
"Northumberland",2020-03-11,0,0
"Northumberland",2020-03-12,0,0
"Northumberland",2020-03-13,0,0
"Northumberland",2020-03-14,0,0
"Northumberland",2020-03-15,0,0
"Northumberland",2020-03-16,0,0
"Northumberland",2020-03-17,0,0
"Northumberland",2020-03-18,0,0
"Northumberland",2020-03-19,0,0
"Northumberland",2020-03-20,0,0
"Northumberland",2020-03-21,0,0
"Northumberland",2020-03-22,0,0
"Northumberland",2020-03-23,0,0
"Northumberland",2020-03-24,0,0
"Northumberland",2020-03-25,0,0
"Northumberland",2020-03-26,0,0
"Northumberland",2020-03-27,1,0
"Northumberland",2020-03-28,1,0
"Northumberland",2020-03-29,1,0
"Northumberland",2020-03-30,1,0
"Northumberland",2020-03-31,1,0
"Northumberland",2020-04-01,6,0
"Northumberland",2020-04-02,8,0
"Northumberland",2020-04-03,8,0
"Northumberland",2020-04-04,9,0
"Northumberland",2020-04-05,14,0
"Northumberland",2020-04-06,15,0
"Northumberland",2020-04-07,22,0
"Northumberland",2020-04-08,22,0
"Northumberland",2020-04-09,24,0
"Northumberland",2020-04-10,29,0
"Northumberland",2020-04-11,31,0
"Northumberland",2020-04-12,37,0
"Northumberland",2020-04-13,40,0
"Northumberland",2020-04-14,48,0
"Northumberland",2020-04-15,56,0
"Northumberland",2020-04-16,60,0
"Northumberland",2020-04-17,60,0
"Northumberland",2020-04-18,67,0
"Northumberland",2020-04-19,67,0
"Northumberland",2020-04-20,73,0
"Perry",2020-03-05,0,0
"Perry",2020-03-06,0,0
"Perry",2020-03-07,0,0
"Perry",2020-03-08,0,0
"Perry",2020-03-09,0,0
"Perry",2020-03-10,0,0
"Perry",2020-03-11,0,0
"Perry",2020-03-12,0,0
"Perry",2020-03-13,0,0
"Perry",2020-03-14,0,0
"Perry",2020-03-15,0,0
"Perry",2020-03-16,0,0
"Perry",2020-03-17,0,0
"Perry",2020-03-18,0,0
"Perry",2020-03-19,0,0
"Perry",2020-03-20,0,0
"Perry",2020-03-21,0,0
"Perry",2020-03-22,0,0
"Perry",2020-03-23,0,0
"Perry",2020-03-24,0,0
"Perry",2020-03-25,0,0
"Perry",2020-03-26,0,0
"Perry",2020-03-27,0,0
"Perry",2020-03-28,1,0
"Perry",2020-03-29,1,0
"Perry",2020-03-30,1,0
"Perry",2020-03-31,1,0
"Perry",2020-04-01,1,0
"Perry",2020-04-02,3,0
"Perry",2020-04-03,4,1
"Perry",2020-04-04,5,1
"Perry",2020-04-05,5,1
"Perry",2020-04-06,5,1
"Perry",2020-04-07,9,1
"Perry",2020-04-08,13,1
"Perry",2020-04-09,15,1
"Perry",2020-04-10,16,1
"Perry",2020-04-11,16,1
"Perry",2020-04-12,16,1
"Perry",2020-04-13,17,1
"Perry",2020-04-14,17,1
"Perry",2020-04-15,17,1
"Perry",2020-04-16,17,1
"Perry",2020-04-17,18,1
"Perry",2020-04-18,20,1
"Perry",2020-04-19,20,1
"Perry",2020-04-20,20,1
"Philadelphia",2020-03-05,0,0
"Philadelphia",2020-03-06,0,0
"Philadelphia",2020-03-07,0,0
"Philadelphia",2020-03-08,0,0
"Philadelphia",2020-03-09,1,0
"Philadelphia",2020-03-10,1,0
"Philadelphia",2020-03-11,1,0
"Philadelphia",2020-03-12,3,0
"Philadelphia",2020-03-13,4,0
"Philadelphia",2020-03-14,6,0
"Philadelphia",2020-03-15,6,0
"Philadelphia",2020-03-16,8,0
"Philadelphia",2020-03-17,10,0
"Philadelphia",2020-03-18,17,0
"Philadelphia",2020-03-19,33,0
"Philadelphia",2020-03-20,42,0
"Philadelphia",2020-03-21,69,0
"Philadelphia",2020-03-22,91,0
"Philadelphia",2020-03-23,128,0
"Philadelphia",2020-03-24,177,0
"Philadelphia",2020-03-25,257,1
"Philadelphia",2020-03-26,402,1
"Philadelphia",2020-03-27,530,2
"Philadelphia",2020-03-28,709,5
"Philadelphia",2020-03-29,865,5
"Philadelphia",2020-03-30,1007,7
"Philadelphia",2020-03-31,1197,10
"Philadelphia",2020-04-01,1478,10
"Philadelphia",2020-04-02,1852,13
"Philadelphia",2020-04-03,2284,14
"Philadelphia",2020-04-04,2610,24
"Philadelphia",2020-04-05,3135,28
"Philadelphia",2020-04-06,3611,28
"Philadelphia",2020-04-07,4012,58
"Philadelphia",2020-04-08,4456,87
"Philadelphia",2020-04-09,5029,86
"Philadelphia",2020-04-10,5521,110
"Philadelphia",2020-04-11,6022,130
"Philadelphia",2020-04-12,6352,128
"Philadelphia",2020-04-13,6810,127
"Philadelphia",2020-04-14,7121,131
"Philadelphia",2020-04-15,7347,132
"Philadelphia",2020-04-16,7684,134
"Philadelphia",2020-04-17,8138,136
"Philadelphia",2020-04-18,8502,136
"Philadelphia",2020-04-19,8764,240
"Philadelphia",2020-04-20,9038,262
"Pike",2020-03-05,0,0
"Pike",2020-03-06,0,0
"Pike",2020-03-07,0,0
"Pike",2020-03-08,0,0
"Pike",2020-03-09,0,0
"Pike",2020-03-10,0,0
"Pike",2020-03-11,1,0
"Pike",2020-03-12,1,0
"Pike",2020-03-13,1,0
"Pike",2020-03-14,1,0
"Pike",2020-03-15,1,0
"Pike",2020-03-16,1,0
"Pike",2020-03-17,1,0
"Pike",2020-03-18,2,0
"Pike",2020-03-19,3,0
"Pike",2020-03-20,2,0
"Pike",2020-03-21,2,0
"Pike",2020-03-22,3,0
"Pike",2020-03-23,3,0
"Pike",2020-03-24,4,0
"Pike",2020-03-25,9,0
"Pike",2020-03-26,15,0
"Pike",2020-03-27,23,0
"Pike",2020-03-28,27,1
"Pike",2020-03-29,33,1
"Pike",2020-03-30,39,1
"Pike",2020-03-31,48,1
"Pike",2020-04-01,57,1
"Pike",2020-04-02,68,1
"Pike",2020-04-03,83,1
"Pike",2020-04-04,97,1
"Pike",2020-04-05,114,1
"Pike",2020-04-06,125,2
"Pike",2020-04-07,136,5
"Pike",2020-04-08,148,6
"Pike",2020-04-09,163,6
"Pike",2020-04-10,190,6
"Pike",2020-04-11,208,6
"Pike",2020-04-12,212,6
"Pike",2020-04-13,221,6
"Pike",2020-04-14,256,6
"Pike",2020-04-15,268,7
"Pike",2020-04-16,276,7
"Pike",2020-04-17,290,8
"Pike",2020-04-18,295,8
"Pike",2020-04-19,301,8
"Pike",2020-04-20,304,9
"Potter",2020-03-05,0,0
"Potter",2020-03-06,0,0
"Potter",2020-03-07,0,0
"Potter",2020-03-08,0,0
"Potter",2020-03-09,0,0
"Potter",2020-03-10,0,0
"Potter",2020-03-11,0,0
"Potter",2020-03-12,0,0
"Potter",2020-03-13,0,0
"Potter",2020-03-14,0,0
"Potter",2020-03-15,0,0
"Potter",2020-03-16,0,0
"Potter",2020-03-17,0,0
"Potter",2020-03-18,0,0
"Potter",2020-03-19,0,0
"Potter",2020-03-20,1,0
"Potter",2020-03-21,1,0
"Potter",2020-03-22,1,0
"Potter",2020-03-23,1,0
"Potter",2020-03-24,1,0
"Potter",2020-03-25,1,0
"Potter",2020-03-26,1,0
"Potter",2020-03-27,1,0
"Potter",2020-03-28,2,0
"Potter",2020-03-29,2,0
"Potter",2020-03-30,2,0
"Potter",2020-03-31,2,0
"Potter",2020-04-01,2,0
"Potter",2020-04-02,2,0
"Potter",2020-04-03,2,0
"Potter",2020-04-04,3,0
"Potter",2020-04-05,3,0
"Potter",2020-04-06,3,0
"Potter",2020-04-07,3,0
"Potter",2020-04-08,3,0
"Potter",2020-04-09,3,0
"Potter",2020-04-10,3,0
"Potter",2020-04-11,4,0
"Potter",2020-04-12,4,0
"Potter",2020-04-13,4,0
"Potter",2020-04-14,4,0
"Potter",2020-04-15,4,0
"Potter",2020-04-16,4,0
"Potter",2020-04-17,4,0
"Potter",2020-04-18,4,0
"Potter",2020-04-19,4,0
"Potter",2020-04-20,4,0
"Schuylkill",2020-03-05,0,0
"Schuylkill",2020-03-06,0,0
"Schuylkill",2020-03-07,0,0
"Schuylkill",2020-03-08,0,0
"Schuylkill",2020-03-09,0,0
"Schuylkill",2020-03-10,0,0
"Schuylkill",2020-03-11,0,0
"Schuylkill",2020-03-12,0,0
"Schuylkill",2020-03-13,0,0
"Schuylkill",2020-03-14,0,0
"Schuylkill",2020-03-15,0,0
"Schuylkill",2020-03-16,0,0
"Schuylkill",2020-03-17,0,0
"Schuylkill",2020-03-18,0,0
"Schuylkill",2020-03-19,0,0
"Schuylkill",2020-03-20,0,0
"Schuylkill",2020-03-21,0,0
"Schuylkill",2020-03-22,1,0
"Schuylkill",2020-03-23,3,0
"Schuylkill",2020-03-24,5,0
"Schuylkill",2020-03-25,6,0
"Schuylkill",2020-03-26,9,0
"Schuylkill",2020-03-27,13,0
"Schuylkill",2020-03-28,16,0
"Schuylkill",2020-03-29,21,0
"Schuylkill",2020-03-30,30,0
"Schuylkill",2020-03-31,38,0
"Schuylkill",2020-04-01,47,0
"Schuylkill",2020-04-02,54,0
"Schuylkill",2020-04-03,63,0
"Schuylkill",2020-04-04,77,0
"Schuylkill",2020-04-05,90,0
"Schuylkill",2020-04-06,103,0
"Schuylkill",2020-04-07,119,0
"Schuylkill",2020-04-08,136,0
"Schuylkill",2020-04-09,149,1
"Schuylkill",2020-04-10,164,1
"Schuylkill",2020-04-11,179,2
"Schuylkill",2020-04-12,188,2
"Schuylkill",2020-04-13,192,2
"Schuylkill",2020-04-14,200,2
"Schuylkill",2020-04-15,212,3
"Schuylkill",2020-04-16,236,4
"Schuylkill",2020-04-17,244,4
"Schuylkill",2020-04-18,254,5
"Schuylkill",2020-04-19,261,5
"Schuylkill",2020-04-20,267,5
"Snyder",2020-03-05,0,0
"Snyder",2020-03-06,0,0
"Snyder",2020-03-07,0,0
"Snyder",2020-03-08,0,0
"Snyder",2020-03-09,0,0
"Snyder",2020-03-10,0,0
"Snyder",2020-03-11,0,0
"Snyder",2020-03-12,0,0
"Snyder",2020-03-13,0,0
"Snyder",2020-03-14,0,0
"Snyder",2020-03-15,0,0
"Snyder",2020-03-16,0,0
"Snyder",2020-03-17,0,0
"Snyder",2020-03-18,0,0
"Snyder",2020-03-19,0,0
"Snyder",2020-03-20,0,0
"Snyder",2020-03-21,0,0
"Snyder",2020-03-22,0,0
"Snyder",2020-03-23,0,0
"Snyder",2020-03-24,0,0
"Snyder",2020-03-25,0,0
"Snyder",2020-03-26,0,0
"Snyder",2020-03-27,0,0
"Snyder",2020-03-28,1,0
"Snyder",2020-03-29,2,0
"Snyder",2020-03-30,2,0
"Snyder",2020-03-31,2,1
"Snyder",2020-04-01,3,1
"Snyder",2020-04-02,3,1
"Snyder",2020-04-03,4,1
"Snyder",2020-04-04,6,1
"Snyder",2020-04-05,8,1
"Snyder",2020-04-06,8,1
"Snyder",2020-04-07,9,1
"Snyder",2020-04-08,9,1
"Snyder",2020-04-09,9,1
"Snyder",2020-04-10,12,1
"Snyder",2020-04-11,16,1
"Snyder",2020-04-12,20,1
"Snyder",2020-04-13,23,1
"Snyder",2020-04-14,24,1
"Snyder",2020-04-15,24,1
"Snyder",2020-04-16,24,1
"Snyder",2020-04-17,25,1
"Snyder",2020-04-18,27,1
"Snyder",2020-04-19,27,1
"Snyder",2020-04-20,28,1
"Somerset",2020-03-05,0,0
"Somerset",2020-03-06,0,0
"Somerset",2020-03-07,0,0
"Somerset",2020-03-08,0,0
"Somerset",2020-03-09,0,0
"Somerset",2020-03-10,0,0
"Somerset",2020-03-11,0,0
"Somerset",2020-03-12,0,0
"Somerset",2020-03-13,0,0
"Somerset",2020-03-14,0,0
"Somerset",2020-03-15,0,0
"Somerset",2020-03-16,0,0
"Somerset",2020-03-17,0,0
"Somerset",2020-03-18,0,0
"Somerset",2020-03-19,0,0
"Somerset",2020-03-20,0,0
"Somerset",2020-03-21,0,0
"Somerset",2020-03-22,0,0
"Somerset",2020-03-23,0,0
"Somerset",2020-03-24,1,0
"Somerset",2020-03-25,2,0
"Somerset",2020-03-26,2,0
"Somerset",2020-03-27,2,0
"Somerset",2020-03-28,2,0
"Somerset",2020-03-29,2,0
"Somerset",2020-03-30,2,0
"Somerset",2020-03-31,2,0
"Somerset",2020-04-01,3,0
"Somerset",2020-04-02,3,0
"Somerset",2020-04-03,3,0
"Somerset",2020-04-04,3,0
"Somerset",2020-04-05,4,0
"Somerset",2020-04-06,6,0
"Somerset",2020-04-07,7,0
"Somerset",2020-04-08,7,0
"Somerset",2020-04-09,7,0
"Somerset",2020-04-10,10,0
"Somerset",2020-04-11,10,0
"Somerset",2020-04-12,12,0
"Somerset",2020-04-13,13,0
"Somerset",2020-04-14,13,0
"Somerset",2020-04-15,14,0
"Somerset",2020-04-16,14,0
"Somerset",2020-04-17,15,0
"Somerset",2020-04-18,17,0
"Somerset",2020-04-19,18,0
"Somerset",2020-04-20,19,0
"Sullivan",2020-03-05,0,0
"Sullivan",2020-03-06,0,0
"Sullivan",2020-03-07,0,0
"Sullivan",2020-03-08,0,0
"Sullivan",2020-03-09,0,0
"Sullivan",2020-03-10,0,0
"Sullivan",2020-03-11,0,0
"Sullivan",2020-03-12,0,0
"Sullivan",2020-03-13,0,0
"Sullivan",2020-03-14,0,0
"Sullivan",2020-03-15,0,0
"Sullivan",2020-03-16,0,0
"Sullivan",2020-03-17,0,0
"Sullivan",2020-03-18,0,0
"Sullivan",2020-03-19,0,0
"Sullivan",2020-03-20,0,0
"Sullivan",2020-03-21,0,0
"Sullivan",2020-03-22,0,0
"Sullivan",2020-03-23,0,0
"Sullivan",2020-03-24,0,0
"Sullivan",2020-03-25,0,0
"Sullivan",2020-03-26,0,0
"Sullivan",2020-03-27,0,0
"Sullivan",2020-03-28,0,0
"Sullivan",2020-03-29,0,0
"Sullivan",2020-03-30,0,0
"Sullivan",2020-03-31,0,0
"Sullivan",2020-04-01,0,0
"Sullivan",2020-04-02,0,0
"Sullivan",2020-04-03,0,0
"Sullivan",2020-04-04,1,0
"Sullivan",2020-04-05,1,0
"Sullivan",2020-04-06,1,0
"Sullivan",2020-04-07,1,0
"Sullivan",2020-04-08,1,0
"Sullivan",2020-04-09,1,0
"Sullivan",2020-04-10,1,0
"Sullivan",2020-04-11,1,0
"Sullivan",2020-04-12,1,0
"Sullivan",2020-04-13,1,0
"Sullivan",2020-04-14,1,0
"Sullivan",2020-04-15,1,0
"Sullivan",2020-04-16,1,0
"Sullivan",2020-04-17,1,0
"Sullivan",2020-04-18,1,0
"Sullivan",2020-04-19,1,0
"Sullivan",2020-04-20,1,0
"Susquehanna",2020-03-05,0,0
"Susquehanna",2020-03-06,0,0
"Susquehanna",2020-03-07,0,0
"Susquehanna",2020-03-08,0,0
"Susquehanna",2020-03-09,0,0
"Susquehanna",2020-03-10,0,0
"Susquehanna",2020-03-11,0,0
"Susquehanna",2020-03-12,0,0
"Susquehanna",2020-03-13,0,0
"Susquehanna",2020-03-14,0,0
"Susquehanna",2020-03-15,0,0
"Susquehanna",2020-03-16,0,0
"Susquehanna",2020-03-17,0,0
"Susquehanna",2020-03-18,0,0
"Susquehanna",2020-03-19,0,0
"Susquehanna",2020-03-20,0,0
"Susquehanna",2020-03-21,0,0
"Susquehanna",2020-03-22,0,0
"Susquehanna",2020-03-23,0,0
"Susquehanna",2020-03-24,0,0
"Susquehanna",2020-03-25,0,0
"Susquehanna",2020-03-26,1,0
"Susquehanna",2020-03-27,1,0
"Susquehanna",2020-03-28,1,0
"Susquehanna",2020-03-29,1,0
"Susquehanna",2020-03-30,1,0
"Susquehanna",2020-03-31,1,0
"Susquehanna",2020-04-01,2,0
"Susquehanna",2020-04-02,3,0
"Susquehanna",2020-04-03,4,0
"Susquehanna",2020-04-04,5,0
"Susquehanna",2020-04-05,6,0
"Susquehanna",2020-04-06,6,0
"Susquehanna",2020-04-07,11,0
"Susquehanna",2020-04-08,14,0
"Susquehanna",2020-04-09,16,1
"Susquehanna",2020-04-10,22,2
"Susquehanna",2020-04-11,23,2
"Susquehanna",2020-04-12,25,1
"Susquehanna",2020-04-13,31,1
"Susquehanna",2020-04-14,32,1
"Susquehanna",2020-04-15,40,1
"Susquehanna",2020-04-16,49,1
"Susquehanna",2020-04-17,58,1
"Susquehanna",2020-04-18,59,1
"Susquehanna",2020-04-19,63,3
"Susquehanna",2020-04-20,66,4
"Tioga",2020-03-05,0,0
"Tioga",2020-03-06,0,0
"Tioga",2020-03-07,0,0
"Tioga",2020-03-08,0,0
"Tioga",2020-03-09,0,0
"Tioga",2020-03-10,0,0
"Tioga",2020-03-11,0,0
"Tioga",2020-03-12,0,0
"Tioga",2020-03-13,0,0
"Tioga",2020-03-14,0,0
"Tioga",2020-03-15,0,0
"Tioga",2020-03-16,0,0
"Tioga",2020-03-17,0,0
"Tioga",2020-03-18,0,0
"Tioga",2020-03-19,0,0
"Tioga",2020-03-20,0,0
"Tioga",2020-03-21,0,0
"Tioga",2020-03-22,0,0
"Tioga",2020-03-23,0,0
"Tioga",2020-03-24,0,0
"Tioga",2020-03-25,0,0
"Tioga",2020-03-26,0,0
"Tioga",2020-03-27,0,0
"Tioga",2020-03-28,1,0
"Tioga",2020-03-29,1,0
"Tioga",2020-03-30,1,0
"Tioga",2020-03-31,2,0
"Tioga",2020-04-01,2,0
"Tioga",2020-04-02,2,0
"Tioga",2020-04-03,3,0
"Tioga",2020-04-04,3,0
"Tioga",2020-04-05,3,0
"Tioga",2020-04-06,8,0
"Tioga",2020-04-07,10,0
"Tioga",2020-04-08,10,0
"Tioga",2020-04-09,10,0
"Tioga",2020-04-10,11,0
"Tioga",2020-04-11,12,1
"Tioga",2020-04-12,13,1
"Tioga",2020-04-13,14,1
"Tioga",2020-04-14,13,1
"Tioga",2020-04-15,13,1
"Tioga",2020-04-16,13,1
"Tioga",2020-04-17,14,1
"Tioga",2020-04-18,14,1
"Tioga",2020-04-19,14,1
"Tioga",2020-04-20,14,1
"Union",2020-03-05,0,0
"Union",2020-03-06,0,0
"Union",2020-03-07,0,0
"Union",2020-03-08,0,0
"Union",2020-03-09,0,0
"Union",2020-03-10,0,0
"Union",2020-03-11,0,0
"Union",2020-03-12,0,0
"Union",2020-03-13,0,0
"Union",2020-03-14,0,0
"Union",2020-03-15,0,0
"Union",2020-03-16,0,0
"Union",2020-03-17,0,0
"Union",2020-03-18,0,0
"Union",2020-03-19,0,0
"Union",2020-03-20,0,0
"Union",2020-03-21,0,0
"Union",2020-03-22,0,0
"Union",2020-03-23,0,0
"Union",2020-03-24,0,0
"Union",2020-03-25,0,0
"Union",2020-03-26,0,0
"Union",2020-03-27,1,0
"Union",2020-03-28,0,0
"Union",2020-03-29,0,0
"Union",2020-03-30,4,0
"Union",2020-03-31,4,0
"Union",2020-04-01,2,0
"Union",2020-04-02,2,0
"Union",2020-04-03,3,0
"Union",2020-04-04,5,0
"Union",2020-04-05,6,0
"Union",2020-04-06,6,0
"Union",2020-04-07,7,0
"Union",2020-04-08,8,0
"Union",2020-04-09,11,0
"Union",2020-04-10,12,0
"Union",2020-04-11,14,0
"Union",2020-04-12,19,0
"Union",2020-04-13,21,0
"Union",2020-04-14,23,0
"Union",2020-04-15,23,0
"Union",2020-04-16,25,0
"Union",2020-04-17,26,0
"Union",2020-04-18,27,0
"Union",2020-04-19,27,0
"Union",2020-04-20,28,0
"Venango",2020-03-05,0,0
"Venango",2020-03-06,0,0
"Venango",2020-03-07,0,0
"Venango",2020-03-08,0,0
"Venango",2020-03-09,0,0
"Venango",2020-03-10,0,0
"Venango",2020-03-11,0,0
"Venango",2020-03-12,0,0
"Venango",2020-03-13,0,0
"Venango",2020-03-14,0,0
"Venango",2020-03-15,0,0
"Venango",2020-03-16,0,0
"Venango",2020-03-17,0,0
"Venango",2020-03-18,0,0
"Venango",2020-03-19,0,0
"Venango",2020-03-20,0,0
"Venango",2020-03-21,0,0
"Venango",2020-03-22,0,0
"Venango",2020-03-23,0,0
"Venango",2020-03-24,0,0
"Venango",2020-03-25,0,0
"Venango",2020-03-26,0,0
"Venango",2020-03-27,0,0
"Venango",2020-03-28,0,0
"Venango",2020-03-29,1,0
"Venango",2020-03-30,1,0
"Venango",2020-03-31,3,0
"Venango",2020-04-01,3,0
"Venango",2020-04-02,3,0
"Venango",2020-04-03,3,0
"Venango",2020-04-04,3,0
"Venango",2020-04-05,3,0
"Venango",2020-04-06,5,0
"Venango",2020-04-07,5,0
"Venango",2020-04-08,5,0
"Venango",2020-04-09,5,0
"Venango",2020-04-10,5,0
"Venango",2020-04-11,6,0
"Venango",2020-04-12,6,0
"Venango",2020-04-13,6,0
"Venango",2020-04-14,6,0
"Venango",2020-04-15,6,0
"Venango",2020-04-16,6,0
"Venango",2020-04-17,6,0
"Venango",2020-04-18,6,0
"Venango",2020-04-19,6,0
"Venango",2020-04-20,6,0
"Warren",2020-03-05,0,0
"Warren",2020-03-06,0,0
"Warren",2020-03-07,0,0
"Warren",2020-03-08,0,0
"Warren",2020-03-09,0,0
"Warren",2020-03-10,0,0
"Warren",2020-03-11,0,0
"Warren",2020-03-12,0,0
"Warren",2020-03-13,0,0
"Warren",2020-03-14,0,0
"Warren",2020-03-15,0,0
"Warren",2020-03-16,0,0
"Warren",2020-03-17,0,0
"Warren",2020-03-18,0,0
"Warren",2020-03-19,0,0
"Warren",2020-03-20,0,0
"Warren",2020-03-21,0,0
"Warren",2020-03-22,0,0
"Warren",2020-03-23,0,0
"Warren",2020-03-24,0,0
"Warren",2020-03-25,1,0
"Warren",2020-03-26,1,0
"Warren",2020-03-27,1,0
"Warren",2020-03-28,1,0
"Warren",2020-03-29,1,0
"Warren",2020-03-30,1,0
"Warren",2020-03-31,1,0
"Warren",2020-04-01,1,0
"Warren",2020-04-02,1,0
"Warren",2020-04-03,1,0
"Warren",2020-04-04,1,0
"Warren",2020-04-05,1,0
"Warren",2020-04-06,1,0
"Warren",2020-04-07,1,0
"Warren",2020-04-08,1,0
"Warren",2020-04-09,1,0
"Warren",2020-04-10,1,0
"Warren",2020-04-11,1,0
"Warren",2020-04-12,1,0
"Warren",2020-04-13,1,0
"Warren",2020-04-14,1,0
"Warren",2020-04-15,1,0
"Warren",2020-04-16,1,0
"Warren",2020-04-17,1,0
"Warren",2020-04-18,1,0
"Warren",2020-04-19,1,0
"Warren",2020-04-20,1,0
"Washington",2020-03-05,0,0
"Washington",2020-03-06,0,0
"Washington",2020-03-07,0,0
"Washington",2020-03-08,0,0
"Washington",2020-03-09,0,0
"Washington",2020-03-10,0,0
"Washington",2020-03-11,0,0
"Washington",2020-03-12,1,0
"Washington",2020-03-13,1,0
"Washington",2020-03-14,1,0
"Washington",2020-03-15,1,0
"Washington",2020-03-16,1,0
"Washington",2020-03-17,2,0
"Washington",2020-03-18,2,0
"Washington",2020-03-19,3,0
"Washington",2020-03-20,3,0
"Washington",2020-03-21,5,0
"Washington",2020-03-22,7,0
"Washington",2020-03-23,7,0
"Washington",2020-03-24,9,0
"Washington",2020-03-25,10,0
"Washington",2020-03-26,12,0
"Washington",2020-03-27,14,0
"Washington",2020-03-28,23,0
"Washington",2020-03-29,24,0
"Washington",2020-03-30,26,0
"Washington",2020-03-31,33,0
"Washington",2020-04-01,35,0
"Washington",2020-04-02,38,0
"Washington",2020-04-03,40,0
"Washington",2020-04-04,46,0
"Washington",2020-04-05,50,0
"Washington",2020-04-06,53,0
"Washington",2020-04-07,57,0
"Washington",2020-04-08,59,0
"Washington",2020-04-09,63,0
"Washington",2020-04-10,66,0
"Washington",2020-04-11,66,0
"Washington",2020-04-12,68,0
"Washington",2020-04-13,69,0
"Washington",2020-04-14,70,1
"Washington",2020-04-15,71,1
"Washington",2020-04-16,73,1
"Washington",2020-04-17,75,1
"Washington",2020-04-18,79,2
"Washington",2020-04-19,82,2
"Washington",2020-04-20,83,2
"Wayne",2020-03-05,0,0
"Wayne",2020-03-06,0,0
"Wayne",2020-03-07,0,0
"Wayne",2020-03-08,1,0
"Wayne",2020-03-09,1,0
"Wayne",2020-03-10,1,0
"Wayne",2020-03-11,1,0
"Wayne",2020-03-12,1,0
"Wayne",2020-03-13,1,0
"Wayne",2020-03-14,1,0
"Wayne",2020-03-15,1,0
"Wayne",2020-03-16,1,0
"Wayne",2020-03-17,1,0
"Wayne",2020-03-18,1,0
"Wayne",2020-03-19,1,0
"Wayne",2020-03-20,1,0
"Wayne",2020-03-21,1,0
"Wayne",2020-03-22,2,0
"Wayne",2020-03-23,3,0
"Wayne",2020-03-24,4,0
"Wayne",2020-03-25,4,0
"Wayne",2020-03-26,6,0
"Wayne",2020-03-27,6,0
"Wayne",2020-03-28,6,0
"Wayne",2020-03-29,7,0
"Wayne",2020-03-30,10,0
"Wayne",2020-03-31,10,0
"Wayne",2020-04-01,14,0
"Wayne",2020-04-02,17,0
"Wayne",2020-04-03,23,0
"Wayne",2020-04-04,28,0
"Wayne",2020-04-05,33,0
"Wayne",2020-04-06,35,0
"Wayne",2020-04-07,40,0
"Wayne",2020-04-08,47,0
"Wayne",2020-04-09,49,0
"Wayne",2020-04-10,53,0
"Wayne",2020-04-11,57,1
"Wayne",2020-04-12,63,1
"Wayne",2020-04-13,67,1
"Wayne",2020-04-14,70,1
"Wayne",2020-04-15,75,2
"Wayne",2020-04-16,77,2
"Wayne",2020-04-17,81,2
"Wayne",2020-04-18,84,2
"Wayne",2020-04-19,84,3
"Wayne",2020-04-20,85,3
"Westmoreland",2020-03-05,0,0
"Westmoreland",2020-03-06,0,0
"Westmoreland",2020-03-07,0,0
"Westmoreland",2020-03-08,0,0
"Westmoreland",2020-03-09,0,0
"Westmoreland",2020-03-10,0,0
"Westmoreland",2020-03-11,0,0
"Westmoreland",2020-03-12,0,0
"Westmoreland",2020-03-13,0,0
"Westmoreland",2020-03-14,0,0
"Westmoreland",2020-03-15,0,0
"Westmoreland",2020-03-16,0,0
"Westmoreland",2020-03-17,0,0
"Westmoreland",2020-03-18,0,0
"Westmoreland",2020-03-19,2,0
"Westmoreland",2020-03-20,4,0
"Westmoreland",2020-03-21,4,0
"Westmoreland",2020-03-22,4,0
"Westmoreland",2020-03-23,6,0
"Westmoreland",2020-03-24,11,0
"Westmoreland",2020-03-25,16,0
"Westmoreland",2020-03-26,24,0
"Westmoreland",2020-03-27,30,0
"Westmoreland",2020-03-28,41,0
"Westmoreland",2020-03-29,47,0
"Westmoreland",2020-03-30,55,0
"Westmoreland",2020-03-31,61,0
"Westmoreland",2020-04-01,72,0
"Westmoreland",2020-04-02,84,0
"Westmoreland",2020-04-03,110,0
"Westmoreland",2020-04-04,135,0
"Westmoreland",2020-04-05,147,0
"Westmoreland",2020-04-06,157,0
"Westmoreland",2020-04-07,177,0
"Westmoreland",2020-04-08,183,1
"Westmoreland",2020-04-09,190,1
"Westmoreland",2020-04-10,202,5
"Westmoreland",2020-04-11,218,6
"Westmoreland",2020-04-12,223,6
"Westmoreland",2020-04-13,228,6
"Westmoreland",2020-04-14,231,6
"Westmoreland",2020-04-15,237,11
"Westmoreland",2020-04-16,240,13
"Westmoreland",2020-04-17,249,13
"Westmoreland",2020-04-18,280,13
"Westmoreland",2020-04-19,284,16
"Westmoreland",2020-04-20,286,16
"Wyoming",2020-03-05,0,0
"Wyoming",2020-03-06,0,0
"Wyoming",2020-03-07,0,0
"Wyoming",2020-03-08,0,0
"Wyoming",2020-03-09,0,0
"Wyoming",2020-03-10,0,0
"Wyoming",2020-03-11,0,0
"Wyoming",2020-03-12,0,0
"Wyoming",2020-03-13,0,0
"Wyoming",2020-03-14,0,0
"Wyoming",2020-03-15,0,0
"Wyoming",2020-03-16,0,0
"Wyoming",2020-03-17,0,0
"Wyoming",2020-03-18,0,0
"Wyoming",2020-03-19,0,0
"Wyoming",2020-03-20,0,0
"Wyoming",2020-03-21,0,0
"Wyoming",2020-03-22,0,0
"Wyoming",2020-03-23,0,0
"Wyoming",2020-03-24,0,0
"Wyoming",2020-03-25,0,0
"Wyoming",2020-03-26,0,0
"Wyoming",2020-03-27,0,0
"Wyoming",2020-03-28,0,0
"Wyoming",2020-03-29,0,0
"Wyoming",2020-03-30,0,0
"Wyoming",2020-03-31,0,0
"Wyoming",2020-04-01,0,0
"Wyoming",2020-04-02,1,0
"Wyoming",2020-04-03,2,0
"Wyoming",2020-04-04,5,0
"Wyoming",2020-04-05,5,0
"Wyoming",2020-04-06,5,0
"Wyoming",2020-04-07,5,0
"Wyoming",2020-04-08,5,0
"Wyoming",2020-04-09,6,0
"Wyoming",2020-04-10,6,0
"Wyoming",2020-04-11,8,0
"Wyoming",2020-04-12,9,0
"Wyoming",2020-04-13,12,0
"Wyoming",2020-04-14,11,0
"Wyoming",2020-04-15,13,0
"Wyoming",2020-04-16,14,1
"Wyoming",2020-04-17,16,1
"Wyoming",2020-04-18,16,1
"Wyoming",2020-04-19,17,1
"Wyoming",2020-04-20,17,1
"York",2020-03-05,0,0
"York",2020-03-06,0,0
"York",2020-03-07,0,0
"York",2020-03-08,0,0
"York",2020-03-09,0,0
"York",2020-03-10,0,0
"York",2020-03-11,0,0
"York",2020-03-12,0,0
"York",2020-03-13,0,0
"York",2020-03-14,0,0
"York",2020-03-15,0,0
"York",2020-03-16,0,0
"York",2020-03-17,0,0
"York",2020-03-18,2,0
"York",2020-03-19,2,0
"York",2020-03-20,6,0
"York",2020-03-21,9,0
"York",2020-03-22,10,0
"York",2020-03-23,10,0
"York",2020-03-24,18,0
"York",2020-03-25,20,0
"York",2020-03-26,21,0
"York",2020-03-27,29,0
"York",2020-03-28,37,0
"York",2020-03-29,43,0
"York",2020-03-30,54,0
"York",2020-03-31,66,0
"York",2020-04-01,79,0
"York",2020-04-02,102,1
"York",2020-04-03,121,1
"York",2020-04-04,144,1
"York",2020-04-05,171,1
"York",2020-04-06,189,1
"York",2020-04-07,218,2
"York",2020-04-08,233,2
"York",2020-04-09,250,3
"York",2020-04-10,283,3
"York",2020-04-11,293,3
"York",2020-04-12,307,3
"York",2020-04-13,331,3
"York",2020-04-14,371,3
"York",2020-04-15,381,4
"York",2020-04-16,393,4
"York",2020-04-17,443,4
"York",2020-04-18,463,4
"York",2020-04-19,481,6
"York",2020-04-20,493,6
