County,Date,Cases,Deaths
Adams,3/19/20,1,0
Adams,3/20/20,4,0
Adams,3/21/20,4,0
Adams,3/22/20,5,0
Adams,3/23/20,6,0
Adams,3/24/20,6,0
Adams,3/25/20,6,0
Adams,3/26/20,7,0
Adams,3/27/20,8,0
Adams,3/28/20,8,0
Adams,3/29/20,8,0
Adams,3/30/20,8,0
Adams,3/31/20,9,0
Adams,4/1/20,12,0
Adams,4/2/20,18,0
Adams,4/3/20,19,0
Adams,4/4/20,21,0
Adams,4/5/20,22,0
Adams,4/6/20,25,0
Adams,4/7/20,28,0
Adams,4/8/20,33,0
Adams,4/9/20,38,1
Adams,4/10/20,43,1
Adams,4/11/20,44,1
Adams,4/12/20,48,1
Adams,4/13/20,56,1
Adams,4/14/20,63,1
Adams,4/15/20,64,1
Adams,4/16/20,67,1
Adams,4/17/20,70,1
Adams,4/18/20,74,1
Adams,4/19/20,80,1
Adams,4/20/20,85,1
Adams,4/21/20,91,2
Adams,4/22/20,92,2
Adams,4/23/20,95,1
Adams,4/24/20,110,1
Adams,4/25/20,113,1
Adams,4/26/20,117,1
Allegheny,3/13/20,2,0
Allegheny,3/14/20,3,0
Allegheny,3/15/20,3,0
Allegheny,3/16/20,5,0
Allegheny,3/17/20,7,0
Allegheny,3/18/20,11,0
Allegheny,3/19/20,16,0
Allegheny,3/20/20,28,0
Allegheny,3/21/20,31,1
Allegheny,3/22/20,40,1
Allegheny,3/23/20,48,1
Allegheny,3/24/20,58,2
Allegheny,3/25/20,88,2
Allegheny,3/26/20,133,2
Allegheny,3/27/20,158,2
Allegheny,3/28/20,219,2
Allegheny,3/29/20,265,2
Allegheny,3/30/20,290,2
Allegheny,3/31/20,325,2
Allegheny,4/1/20,356,2
Allegheny,4/2/20,419,2
Allegheny,4/3/20,476,2
Allegheny,4/4/20,552,2
Allegheny,4/5/20,605,4
Allegheny,4/6/20,642,4
Allegheny,4/7/20,689,6
Allegheny,4/8/20,720,10
Allegheny,4/9/20,759,12
Allegheny,4/10/20,788,18
Allegheny,4/11/20,836,19
Allegheny,4/12/20,857,19
Allegheny,4/13/20,876,21
Allegheny,4/14/20,893,24
Allegheny,4/15/20,904,26
Allegheny,4/16/20,925,38
Allegheny,4/17/20,947,43
Allegheny,4/18/20,1009,47
Allegheny,4/19/20,1035,50
Allegheny,4/20/20,1042,55
Allegheny,4/21/20,1059,67
Allegheny,4/22/20,1088,74
Allegheny,4/23/20,1149,69
Allegheny,4/24/20,1177,71
Allegheny,4/25/20,1198,73
Allegheny,4/26/20,1211,73
Armstrong,3/24/20,1,0
Armstrong,3/25/20,1,0
Armstrong,3/26/20,1,0
Armstrong,3/27/20,1,0
Armstrong,3/28/20,2,0
Armstrong,3/29/20,3,0
Armstrong,3/30/20,3,0
Armstrong,3/31/20,5,0
Armstrong,4/1/20,5,0
Armstrong,4/2/20,7,0
Armstrong,4/3/20,11,0
Armstrong,4/4/20,12,3
Armstrong,4/5/20,12,0
Armstrong,4/6/20,13,0
Armstrong,4/7/20,18,0
Armstrong,4/8/20,19,0
Armstrong,4/9/20,20,0
Armstrong,4/10/20,22,0
Armstrong,4/11/20,26,1
Armstrong,4/12/20,27,1
Armstrong,4/13/20,28,1
Armstrong,4/14/20,28,1
Armstrong,4/15/20,29,1
Armstrong,4/16/20,32,1
Armstrong,4/17/20,32,2
Armstrong,4/18/20,36,2
Armstrong,4/19/20,38,2
Armstrong,4/20/20,38,2
Armstrong,4/21/20,38,2
Armstrong,4/22/20,39,2
Armstrong,4/23/20,43,2
Armstrong,4/24/20,43,2
Armstrong,4/25/20,46,2
Armstrong,4/26/20,46,2
Beaver,3/17/20,1,0
Beaver,3/18/20,2,0
Beaver,3/19/20,2,0
Beaver,3/20/20,3,0
Beaver,3/21/20,3,0
Beaver,3/22/20,3,0
Beaver,3/23/20,3,0
Beaver,3/24/20,3,0
Beaver,3/25/20,7,0
Beaver,3/26/20,13,0
Beaver,3/27/20,14,0
Beaver,3/28/20,22,0
Beaver,3/29/20,28,0
Beaver,3/30/20,44,0
Beaver,3/31/20,52,1
Beaver,4/1/20,54,2
Beaver,4/2/20,55,2
Beaver,4/3/20,65,2
Beaver,4/4/20,69,6
Beaver,4/5/20,84,6
Beaver,4/6/20,96,6
Beaver,4/7/20,116,9
Beaver,4/8/20,128,13
Beaver,4/9/20,129,13
Beaver,4/10/20,139,13
Beaver,4/11/20,143,13
Beaver,4/12/20,145,13
Beaver,4/13/20,153,13
Beaver,4/14/20,156,14
Beaver,4/15/20,158,14
Beaver,4/16/20,168,14
Beaver,4/17/20,178,15
Beaver,4/18/20,278,31
Beaver,4/19/20,288,32
Beaver,4/20/20,298,36
Beaver,4/21/20,303,43
Beaver,4/22/20,317,47
Beaver,4/23/20,319,46
Beaver,4/24/20,337,46
Beaver,4/25/20,359,46
Beaver,4/26/20,366,46
Bedford,3/31/20,2,0
Bedford,4/1/20,3,0
Bedford,4/2/20,3,0
Bedford,4/3/20,3,0
Bedford,4/4/20,4,0
Bedford,4/5/20,4,0
Bedford,4/6/20,4,0
Bedford,4/7/20,4,0
Bedford,4/8/20,4,0
Bedford,4/9/20,4,0
Bedford,4/10/20,3,0
Bedford,4/11/20,5,1
Bedford,4/12/20,5,1
Bedford,4/13/20,5,1
Bedford,4/14/20,5,1
Bedford,4/15/20,9,1
Bedford,4/16/20,11,1
Bedford,4/17/20,13,1
Bedford,4/18/20,14,1
Bedford,4/19/20,15,1
Bedford,4/20/20,15,1
Bedford,4/21/20,16,1
Bedford,4/22/20,16,1
Bedford,4/23/20,20,1
Bedford,4/24/20,21,1
Bedford,4/25/20,21,1
Bedford,4/26/20,21,1
Berks,3/18/20,1,0
Berks,3/19/20,1,0
Berks,3/20/20,5,0
Berks,3/21/20,7,0
Berks,3/22/20,13,0
Berks,3/23/20,14,0
Berks,3/24/20,16,0
Berks,3/25/20,20,0
Berks,3/26/20,36,0
Berks,3/27/20,65,0
Berks,3/28/20,65,0
Berks,3/29/20,68,0
Berks,3/30/20,82,0
Berks,3/31/20,110,0
Berks,4/1/20,151,0
Berks,4/2/20,168,1
Berks,4/3/20,201,1
Berks,4/4/20,235,2
Berks,4/5/20,276,3
Berks,4/6/20,326,3
Berks,4/7/20,369,4
Berks,4/8/20,416,7
Berks,4/9/20,616,8
Berks,4/10/20,720,12
Berks,4/11/20,930,19
Berks,4/12/20,1035,20
Berks,4/13/20,1150,21
Berks,4/14/20,1247,27
Berks,4/15/20,1335,28
Berks,4/16/20,1419,31
Berks,4/17/20,1537,34
Berks,4/18/20,1748,40
Berks,4/19/20,1898,65
Berks,4/20/20,1945,74
Berks,4/21/20,1988,82
Berks,4/22/20,2069,85
Berks,4/23/20,2212,86
Berks,4/24/20,2339,87
Berks,4/25/20,2406,88
Berks,4/26/20,2491,88
Blair,3/26/20,1,0
Blair,3/27/20,1,0
Blair,3/28/20,2,0
Blair,3/29/20,3,0
Blair,3/30/20,6,0
Blair,3/31/20,4,0
Blair,4/1/20,4,0
Blair,4/2/20,4,0
Blair,4/3/20,4,0
Blair,4/4/20,5,0
Blair,4/5/20,5,0
Blair,4/6/20,5,0
Blair,4/7/20,6,0
Blair,4/8/20,6,0
Blair,4/9/20,6,0
Blair,4/10/20,9,0
Blair,4/11/20,10,0
Blair,4/12/20,10,0
Blair,4/13/20,11,0
Blair,4/14/20,11,0
Blair,4/15/20,12,0
Blair,4/16/20,13,0
Blair,4/17/20,14,0
Blair,4/18/20,13,0
Blair,4/19/20,13,0
Blair,4/20/20,14,0
Blair,4/21/20,14,0
Blair,4/22/20,14,0
Blair,4/23/20,15,0
Blair,4/24/20,19,0
Blair,4/25/20,21,0
Blair,4/26/20,21,0
Bradford,3/24/20,1,0
Bradford,3/25/20,1,0
Bradford,3/26/20,2,0
Bradford,3/27/20,2,0
Bradford,3/28/20,3,0
Bradford,3/29/20,3,0
Bradford,3/30/20,3,0
Bradford,3/31/20,7,0
Bradford,4/1/20,8,0
Bradford,4/2/20,8,0
Bradford,4/3/20,9,0
Bradford,4/4/20,10,0
Bradford,4/5/20,10,0
Bradford,4/6/20,10,0
Bradford,4/7/20,14,0
Bradford,4/8/20,15,0
Bradford,4/9/20,15,0
Bradford,4/10/20,16,0
Bradford,4/11/20,18,0
Bradford,4/12/20,18,0
Bradford,4/13/20,19,0
Bradford,4/14/20,19,0
Bradford,4/15/20,19,0
Bradford,4/16/20,19,0
Bradford,4/17/20,20,0
Bradford,4/18/20,24,0
Bradford,4/19/20,25,1
Bradford,4/20/20,25,1
Bradford,4/21/20,31,5
Bradford,4/22/20,29,5
Bradford,4/23/20,28,2
Bradford,4/24/20,28,2
Bradford,4/25/20,28,2
Bradford,4/26/20,28,2
Bucks,3/10/20,2,0
Bucks,3/11/20,2,0
Bucks,3/12/20,3,0
Bucks,3/13/20,3,0
Bucks,3/14/20,4,0
Bucks,3/15/20,4,0
Bucks,3/16/20,5,0
Bucks,3/17/20,8,0
Bucks,3/18/20,9,0
Bucks,3/19/20,12,0
Bucks,3/20/20,16,0
Bucks,3/21/20,24,0
Bucks,3/22/20,32,0
Bucks,3/23/20,43,0
Bucks,3/24/20,65,0
Bucks,3/25/20,86,0
Bucks,3/26/20,107,0
Bucks,3/27/20,124,0
Bucks,3/28/20,152,0
Bucks,3/29/20,203,1
Bucks,3/30/20,246,4
Bucks,3/31/20,286,3
Bucks,4/1/20,312,6
Bucks,4/2/20,370,6
Bucks,4/3/20,446,8
Bucks,4/4/20,488,11
Bucks,4/5/20,555,13
Bucks,4/6/20,619,17
Bucks,4/7/20,690,21
Bucks,4/8/20,756,22
Bucks,4/9/20,871,23
Bucks,4/10/20,958,26
Bucks,4/11/20,1051,29
Bucks,4/12/20,1107,32
Bucks,4/13/20,1177,36
Bucks,4/14/20,1222,40
Bucks,4/15/20,1300,51
Bucks,4/16/20,1407,56
Bucks,4/17/20,1524,64
Bucks,4/18/20,1619,75
Bucks,4/19/20,1722,84
Bucks,4/20/20,1812,90
Bucks,4/21/20,1917,116
Bucks,4/22/20,2004,126
Bucks,4/23/20,2131,116
Bucks,4/24/20,2283,128
Bucks,4/25/20,2421,136
Bucks,4/26/20,2504,141
Butler,3/22/20,1,0
Butler,3/23/20,5,0
Butler,3/24/20,6,0
Butler,3/25/20,12,0
Butler,3/26/20,19,1
Butler,3/27/20,26,1
Butler,3/28/20,41,2
Butler,3/29/20,47,2
Butler,3/30/20,49,2
Butler,3/31/20,60,2
Butler,4/1/20,64,2
Butler,4/2/20,69,2
Butler,4/3/20,75,2
Butler,4/4/20,84,2
Butler,4/5/20,87,2
Butler,4/6/20,91,2
Butler,4/7/20,107,2
Butler,4/8/20,113,2
Butler,4/9/20,113,2
Butler,4/10/20,123,3
Butler,4/11/20,128,3
Butler,4/12/20,133,4
Butler,4/13/20,143,4
Butler,4/14/20,143,5
Butler,4/15/20,150,5
Butler,4/16/20,154,5
Butler,4/17/20,157,5
Butler,4/18/20,160,5
Butler,4/19/20,161,5
Butler,4/20/20,161,5
Butler,4/21/20,162,6
Butler,4/22/20,164,7
Butler,4/23/20,164,6
Butler,4/24/20,168,6
Butler,4/25/20,168,6
Butler,4/26/20,170,6
Cambria,3/23/20,1,0
Cambria,3/24/20,1,0
Cambria,3/25/20,1,0
Cambria,3/26/20,1,0
Cambria,3/27/20,1,0
Cambria,3/28/20,1,0
Cambria,3/29/20,1,0
Cambria,3/30/20,2,0
Cambria,3/31/20,2,0
Cambria,4/1/20,3,0
Cambria,4/2/20,4,0
Cambria,4/3/20,4,0
Cambria,4/4/20,6,0
Cambria,4/5/20,7,0
Cambria,4/6/20,7,0
Cambria,4/7/20,7,1
Cambria,4/8/20,9,1
Cambria,4/9/20,10,1
Cambria,4/10/20,11,1
Cambria,4/11/20,13,1
Cambria,4/12/20,13,1
Cambria,4/13/20,14,1
Cambria,4/14/20,14,1
Cambria,4/15/20,14,1
Cambria,4/16/20,14,1
Cambria,4/17/20,14,1
Cambria,4/18/20,17,1
Cambria,4/19/20,19,1
Cambria,4/20/20,19,1
Cambria,4/21/20,20,2
Cambria,4/22/20,21,2
Cambria,4/23/20,20,1
Cambria,4/24/20,20,1
Cambria,4/25/20,21,1
Cambria,4/26/20,21,1
Cameron,3/28/20,1,0
Cameron,3/29/20,1,0
Cameron,3/30/20,1,0
Cameron,3/31/20,1,0
Cameron,4/1/20,1,0
Cameron,4/2/20,1,0
Cameron,4/3/20,1,0
Cameron,4/4/20,1,0
Cameron,4/5/20,1,0
Cameron,4/6/20,1,0
Cameron,4/7/20,1,0
Cameron,4/8/20,1,0
Cameron,4/9/20,1,0
Cameron,4/10/20,1,0
Cameron,4/11/20,1,0
Cameron,4/12/20,1,0
Cameron,4/13/20,1,0
Cameron,4/14/20,1,0
Cameron,4/15/20,1,0
Cameron,4/16/20,1,0
Cameron,4/17/20,1,0
Cameron,4/18/20,1,0
Cameron,4/19/20,1,0
Cameron,4/20/20,1,0
Cameron,4/21/20,1,0
Cameron,4/22/20,1,0
Cameron,4/23/20,1,0
Cameron,4/24/20,1,0
Cameron,4/25/20,1,0
Cameron,4/26/20,1,0
Carbon,3/24/20,1,0
Carbon,3/25/20,1,0
Carbon,3/26/20,2,0
Carbon,3/27/20,2,0
Carbon,3/28/20,3,0
Carbon,3/29/20,9,0
Carbon,3/30/20,13,0
Carbon,3/31/20,17,1
Carbon,4/1/20,23,1
Carbon,4/2/20,26,1
Carbon,4/3/20,34,1
Carbon,4/4/20,46,1
Carbon,4/5/20,50,1
Carbon,4/6/20,59,1
Carbon,4/7/20,67,1
Carbon,4/8/20,76,1
Carbon,4/9/20,83,1
Carbon,4/10/20,93,3
Carbon,4/11/20,98,3
Carbon,4/12/20,102,3
Carbon,4/13/20,102,3
Carbon,4/14/20,103,3
Carbon,4/15/20,112,6
Carbon,4/16/20,113,6
Carbon,4/17/20,118,7
Carbon,4/18/20,136,8
Carbon,4/19/20,140,8
Carbon,4/20/20,144,9
Carbon,4/21/20,150,11
Carbon,4/22/20,154,11
Carbon,4/23/20,155,9
Carbon,4/24/20,160,12
Carbon,4/25/20,162,12
Carbon,4/26/20,163,12
Centre,3/20/20,1,0
Centre,3/21/20,1,0
Centre,3/22/20,1,0
Centre,3/23/20,3,0
Centre,3/24/20,7,0
Centre,3/25/20,8,0
Centre,3/26/20,9,0
Centre,3/27/20,11,0
Centre,3/28/20,15,0
Centre,3/29/20,22,0
Centre,3/30/20,24,0
Centre,3/31/20,26,0
Centre,4/1/20,27,0
Centre,4/2/20,28,0
Centre,4/3/20,32,0
Centre,4/4/20,39,0
Centre,4/5/20,43,0
Centre,4/6/20,44,0
Centre,4/7/20,55,0
Centre,4/8/20,57,0
Centre,4/9/20,59,0
Centre,4/10/20,61,0
Centre,4/11/20,69,0
Centre,4/12/20,70,0
Centre,4/13/20,70,0
Centre,4/14/20,70,0
Centre,4/15/20,72,0
Centre,4/16/20,73,0
Centre,4/17/20,73,1
Centre,4/18/20,73,1
Centre,4/19/20,73,1
Centre,4/20/20,73,1
Centre,4/21/20,77,2
Centre,4/22/20,76,2
Centre,4/23/20,76,1
Centre,4/24/20,77,1
Centre,4/25/20,81,1
Centre,4/26/20,81,1
Chester,3/12/20,1,0
Chester,3/13/20,2,0
Chester,3/14/20,2,0
Chester,3/15/20,2,0
Chester,3/16/20,2,0
Chester,3/17/20,4,0
Chester,3/18/20,9,0
Chester,3/19/20,10,0
Chester,3/20/20,17,0
Chester,3/21/20,19,0
Chester,3/22/20,23,0
Chester,3/23/20,40,0
Chester,3/24/20,40,0
Chester,3/25/20,54,0
Chester,3/26/20,84,0
Chester,3/27/20,107,0
Chester,3/28/20,116,0
Chester,3/29/20,137,0
Chester,3/30/20,146,0
Chester,3/31/20,159,1
Chester,4/1/20,183,1
Chester,4/2/20,210,2
Chester,4/3/20,226,2
Chester,4/4/20,250,2
Chester,4/5/20,269,2
Chester,4/6/20,307,3
Chester,4/7/20,335,6
Chester,4/8/20,373,6
Chester,4/9/20,425,7
Chester,4/10/20,485,9
Chester,4/11/20,532,15
Chester,4/12/20,562,17
Chester,4/13/20,593,17
Chester,4/14/20,621,20
Chester,4/15/20,658,25
Chester,4/16/20,699,28
Chester,4/17/20,739,30
Chester,4/18/20,796,36
Chester,4/19/20,839,42
Chester,4/20/20,883,44
Chester,4/21/20,919,65
Chester,4/22/20,950,67
Chester,4/23/20,989,64
Chester,4/24/20,1064,77
Chester,4/25/20,1134,82
Chester,4/26/20,1177,82
Clarion,3/28/20,1,0
Clarion,3/29/20,1,0
Clarion,3/30/20,1,0
Clarion,3/31/20,3,0
Clarion,4/1/20,4,0
Clarion,4/2/20,4,0
Clarion,4/3/20,4,0
Clarion,4/4/20,4,0
Clarion,4/5/20,5,0
Clarion,4/6/20,6,0
Clarion,4/7/20,9,0
Clarion,4/8/20,8,0
Clarion,4/9/20,8,0
Clarion,4/10/20,10,0
Clarion,4/11/20,15,0
Clarion,4/12/20,15,0
Clarion,4/13/20,16,0
Clarion,4/14/20,16,0
Clarion,4/15/20,16,0
Clarion,4/16/20,17,0
Clarion,4/17/20,18,0
Clarion,4/18/20,18,1
Clarion,4/19/20,18,1
Clarion,4/20/20,18,1
Clarion,4/21/20,18,1
Clarion,4/22/20,19,1
Clarion,4/23/20,20,1
Clarion,4/24/20,22,1
Clarion,4/25/20,22,1
Clarion,4/26/20,22,1
Clearfield,3/24/20,1,0
Clearfield,3/25/20,2,0
Clearfield,3/26/20,2,0
Clearfield,3/27/20,2,0
Clearfield,3/28/20,2,0
Clearfield,3/29/20,2,0
Clearfield,3/30/20,4,0
Clearfield,3/31/20,4,0
Clearfield,4/1/20,4,0
Clearfield,4/2/20,4,0
Clearfield,4/3/20,5,0
Clearfield,4/4/20,7,0
Clearfield,4/5/20,7,0
Clearfield,4/6/20,7,0
Clearfield,4/7/20,7,0
Clearfield,4/8/20,7,0
Clearfield,4/9/20,7,0
Clearfield,4/10/20,8,0
Clearfield,4/11/20,9,0
Clearfield,4/12/20,9,0
Clearfield,4/13/20,9,0
Clearfield,4/14/20,9,0
Clearfield,4/15/20,9,0
Clearfield,4/16/20,9,0
Clearfield,4/17/20,9,0
Clearfield,4/18/20,9,0
Clearfield,4/19/20,11,0
Clearfield,4/20/20,11,0
Clearfield,4/21/20,11,0
Clearfield,4/22/20,11,0
Clearfield,4/23/20,11,0
Clearfield,4/24/20,11,0
Clearfield,4/25/20,11,0
Clearfield,4/26/20,11,0
Clinton,4/3/20,1,0
Clinton,4/4/20,1,0
Clinton,4/5/20,1,0
Clinton,4/6/20,3,0
Clinton,4/7/20,3,0
Clinton,4/8/20,3,0
Clinton,4/9/20,4,0
Clinton,4/10/20,6,0
Clinton,4/11/20,7,0
Clinton,4/12/20,8,0
Clinton,4/13/20,8,0
Clinton,4/14/20,8,0
Clinton,4/15/20,8,0
Clinton,4/16/20,8,0
Clinton,4/17/20,10,0
Clinton,4/18/20,11,0
Clinton,4/19/20,11,0
Clinton,4/20/20,11,0
Clinton,4/21/20,11,0
Clinton,4/22/20,13,0
Clinton,4/23/20,14,0
Clinton,4/24/20,17,0
Clinton,4/25/20,18,0
Clinton,4/26/20,21,0
Columbia,3/22/20,1,0
Columbia,3/23/20,1,0
Columbia,3/24/20,1,0
Columbia,3/25/20,1,0
Columbia,3/26/20,3,0
Columbia,3/27/20,3,0
Columbia,3/28/20,4,0
Columbia,3/29/20,6,0
Columbia,3/30/20,6,0
Columbia,3/31/20,7,0
Columbia,4/1/20,8,0
Columbia,4/2/20,11,0
Columbia,4/3/20,15,0
Columbia,4/4/20,20,0
Columbia,4/5/20,22,0
Columbia,4/6/20,26,0
Columbia,4/7/20,42,1
Columbia,4/8/20,54,1
Columbia,4/9/20,65,2
Columbia,4/10/20,81,2
Columbia,4/11/20,99,2
Columbia,4/12/20,106,3
Columbia,4/13/20,113,3
Columbia,4/14/20,125,3
Columbia,4/15/20,131,3
Columbia,4/16/20,146,3
Columbia,4/17/20,166,3
Columbia,4/18/20,184,4
Columbia,4/19/20,202,6
Columbia,4/20/20,208,7
Columbia,4/21/20,225,8
Columbia,4/22/20,239,7
Columbia,4/23/20,245,7
Columbia,4/24/20,252,7
Columbia,4/25/20,257,7
Columbia,4/26/20,269,7
Crawford,3/26/20,1,0
Crawford,3/27/20,1,0
Crawford,3/28/20,2,0
Crawford,3/29/20,3,0
Crawford,3/30/20,4,0
Crawford,3/31/20,4,0
Crawford,4/1/20,5,0
Crawford,4/2/20,5,0
Crawford,4/3/20,5,0
Crawford,4/4/20,5,0
Crawford,4/5/20,7,0
Crawford,4/6/20,9,0
Crawford,4/7/20,8,0
Crawford,4/8/20,8,0
Crawford,4/9/20,13,0
Crawford,4/10/20,13,0
Crawford,4/11/20,15,0
Crawford,4/12/20,15,0
Crawford,4/13/20,16,0
Crawford,4/14/20,16,0
Crawford,4/15/20,16,0
Crawford,4/16/20,16,0
Crawford,4/17/20,16,0
Crawford,4/18/20,16,0
Crawford,4/19/20,16,0
Crawford,4/20/20,16,0
Crawford,4/21/20,17,0
Crawford,4/22/20,17,0
Crawford,4/23/20,19,0
Crawford,4/24/20,19,0
Crawford,4/25/20,19,0
Crawford,4/26/20,19,0
Cumberland,3/12/20,3,0
Cumberland,3/13/20,3,0
Cumberland,3/14/20,5,0
Cumberland,3/15/20,5,0
Cumberland,3/16/20,5,0
Cumberland,3/17/20,10,0
Cumberland,3/18/20,10,0
Cumberland,3/19/20,11,0
Cumberland,3/20/20,11,0
Cumberland,3/21/20,11,0
Cumberland,3/22/20,11,0
Cumberland,3/23/20,12,0
Cumberland,3/24/20,13,0
Cumberland,3/25/20,13,0
Cumberland,3/26/20,15,0
Cumberland,3/27/20,16,0
Cumberland,3/28/20,22,1
Cumberland,3/29/20,22,1
Cumberland,3/30/20,24,1
Cumberland,3/31/20,36,1
Cumberland,4/1/20,38,1
Cumberland,4/2/20,41,1
Cumberland,4/3/20,45,2
Cumberland,4/4/20,54,2
Cumberland,4/5/20,58,2
Cumberland,4/6/20,68,2
Cumberland,4/7/20,77,2
Cumberland,4/8/20,84,2
Cumberland,4/9/20,88,2
Cumberland,4/10/20,96,2
Cumberland,4/11/20,105,3
Cumberland,4/12/20,110,3
Cumberland,4/13/20,122,3
Cumberland,4/14/20,124,4
Cumberland,4/15/20,131,4
Cumberland,4/16/20,137,4
Cumberland,4/17/20,154,4
Cumberland,4/18/20,176,4
Cumberland,4/19/20,182,4
Cumberland,4/20/20,186,4
Cumberland,4/21/20,194,6
Cumberland,4/22/20,207,6
Cumberland,4/23/20,229,7
Cumberland,4/24/20,240,8
Cumberland,4/25/20,250,8
Cumberland,4/26/20,267,8
Dauphin,3/22/20,1,0
Dauphin,3/23/20,1,0
Dauphin,3/24/20,4,0
Dauphin,3/25/20,10,0
Dauphin,3/26/20,13,0
Dauphin,3/27/20,18,0
Dauphin,3/28/20,23,0
Dauphin,3/29/20,35,0
Dauphin,3/30/20,36,0
Dauphin,3/31/20,45,1
Dauphin,4/1/20,59,1
Dauphin,4/2/20,67,1
Dauphin,4/3/20,79,1
Dauphin,4/4/20,99,1
Dauphin,4/5/20,118,1
Dauphin,4/6/20,132,1
Dauphin,4/7/20,155,1
Dauphin,4/8/20,168,2
Dauphin,4/9/20,180,2
Dauphin,4/10/20,199,2
Dauphin,4/11/20,213,3
Dauphin,4/12/20,229,4
Dauphin,4/13/20,240,4
Dauphin,4/14/20,249,5
Dauphin,4/15/20,271,5
Dauphin,4/16/20,287,7
Dauphin,4/17/20,311,7
Dauphin,4/18/20,343,9
Dauphin,4/19/20,368,9
Dauphin,4/20/20,386,9
Dauphin,4/21/20,400,11
Dauphin,4/22/20,422,13
Dauphin,4/23/20,445,16
Dauphin,4/24/20,468,19
Dauphin,4/25/20,492,18
Dauphin,4/26/20,519,18
Delaware,3/8/20,1,0
Delaware,3/9/20,1,0
Delaware,3/10/20,1,0
Delaware,3/11/20,1,0
Delaware,3/12/20,6,0
Delaware,3/13/20,6,0
Delaware,3/14/20,7,0
Delaware,3/15/20,7,0
Delaware,3/16/20,7,0
Delaware,3/17/20,9,0
Delaware,3/18/20,14,0
Delaware,3/19/20,14,0
Delaware,3/20/20,23,0
Delaware,3/21/20,33,0
Delaware,3/22/20,43,0
Delaware,3/23/20,54,0
Delaware,3/24/20,84,0
Delaware,3/25/20,101,0
Delaware,3/26/20,156,1
Delaware,3/27/20,185,3
Delaware,3/28/20,226,4
Delaware,3/29/20,276,4
Delaware,3/30/20,303,4
Delaware,3/31/20,338,5
Delaware,4/1/20,390,7
Delaware,4/2/20,470,8
Delaware,4/3/20,542,10
Delaware,4/4/20,616,13
Delaware,4/5/20,708,14
Delaware,4/6/20,822,15
Delaware,4/7/20,898,20
Delaware,4/8/20,1034,23
Delaware,4/9/20,1222,26
Delaware,4/10/20,1377,30
Delaware,4/11/20,1510,39
Delaware,4/12/20,1594,39
Delaware,4/13/20,1712,40
Delaware,4/14/20,1806,45
Delaware,4/15/20,1882,59
Delaware,4/16/20,1999,69
Delaware,4/17/20,2226,73
Delaware,4/18/20,2317,77
Delaware,4/19/20,2405,90
Delaware,4/20/20,2484,99
Delaware,4/21/20,2654,118
Delaware,4/22/20,2757,123
Delaware,4/23/20,2902,119
Delaware,4/24/20,3055,129
Delaware,4/25/20,3161,140
Delaware,4/26/20,3281,141
Elk,4/7/20,2,0
Elk,4/8/20,2,0
Elk,4/9/20,2,0
Elk,4/10/20,2,0
Elk,4/11/20,2,0
Elk,4/12/20,2,0
Elk,4/13/20,2,0
Elk,4/14/20,2,0
Elk,4/15/20,2,0
Elk,4/16/20,2,0
Elk,4/17/20,2,0
Elk,4/18/20,2,0
Elk,4/19/20,2,0
Elk,4/20/20,2,0
Elk,4/21/20,2,0
Elk,4/22/20,2,0
Elk,4/23/20,2,0
Elk,4/24/20,2,0
Elk,4/25/20,2,0
Elk,4/26/20,3,0
Erie,3/20/20,1,0
Erie,3/21/20,1,0
Erie,3/22/20,2,0
Erie,3/23/20,3,0
Erie,3/24/20,4,0
Erie,3/25/20,4,0
Erie,3/26/20,4,0
Erie,3/27/20,7,0
Erie,3/28/20,7,0
Erie,3/29/20,7,0
Erie,3/30/20,13,0
Erie,3/31/20,14,0
Erie,4/1/20,15,0
Erie,4/2/20,16,0
Erie,4/3/20,17,0
Erie,4/4/20,19,0
Erie,4/5/20,19,0
Erie,4/6/20,20,0
Erie,4/7/20,28,0
Erie,4/8/20,29,0
Erie,4/9/20,32,0
Erie,4/10/20,36,0
Erie,4/11/20,39,0
Erie,4/12/20,39,0
Erie,4/13/20,39,0
Erie,4/14/20,41,0
Erie,4/15/20,42,0
Erie,4/16/20,46,0
Erie,4/17/20,48,0
Erie,4/18/20,58,0
Erie,4/19/20,58,0
Erie,4/20/20,60,0
Erie,4/21/20,60,0
Erie,4/22/20,62,0
Erie,4/23/20,68,0
Erie,4/24/20,72,0
Erie,4/25/20,79,0
Erie,4/26/20,77,0
Fayette,3/22/20,1,0
Fayette,3/23/20,1,0
Fayette,3/24/20,2,0
Fayette,3/25/20,4,0
Fayette,3/26/20,8,0
Fayette,3/27/20,9,0
Fayette,3/28/20,10,0
Fayette,3/29/20,10,0
Fayette,3/30/20,11,0
Fayette,3/31/20,14,0
Fayette,4/1/20,14,1
Fayette,4/2/20,15,1
Fayette,4/3/20,20,1
Fayette,4/4/20,23,1
Fayette,4/5/20,27,1
Fayette,4/6/20,29,1
Fayette,4/7/20,32,1
Fayette,4/8/20,35,1
Fayette,4/9/20,45,1
Fayette,4/10/20,49,1
Fayette,4/11/20,50,3
Fayette,4/12/20,54,3
Fayette,4/13/20,57,3
Fayette,4/14/20,58,3
Fayette,4/15/20,58,3
Fayette,4/16/20,60,3
Fayette,4/17/20,66,3
Fayette,4/18/20,66,3
Fayette,4/19/20,66,3
Fayette,4/20/20,67,3
Fayette,4/21/20,69,3
Fayette,4/22/20,70,3
Fayette,4/23/20,71,3
Fayette,4/24/20,75,4
Fayette,4/25/20,79,4
Fayette,4/26/20,79,4
Forest,4/2/20,1,0
Forest,4/3/20,1,0
Forest,4/4/20,2,0
Forest,4/5/20,3,0
Forest,4/6/20,4,0
Forest,4/7/20,5,0
Forest,4/8/20,5,0
Forest,4/9/20,5,0
Forest,4/10/20,5,0
Forest,4/11/20,5,0
Forest,4/12/20,5,0
Forest,4/13/20,5,0
Forest,4/14/20,5,0
Forest,4/15/20,5,0
Forest,4/16/20,7,0
Forest,4/17/20,7,0
Forest,4/18/20,7,0
Forest,4/19/20,7,0
Forest,4/20/20,7,0
Forest,4/21/20,7,0
Forest,4/22/20,7,0
Forest,4/23/20,7,0
Forest,4/24/20,7,0
Forest,4/25/20,7,0
Forest,4/26/20,7,0
Franklin,3/20/20,1,0
Franklin,3/21/20,1,0
Franklin,3/22/20,1,0
Franklin,3/23/20,1,0
Franklin,3/24/20,3,0
Franklin,3/25/20,5,0
Franklin,3/26/20,5,0
Franklin,3/27/20,5,0
Franklin,3/28/20,7,0
Franklin,3/29/20,11,0
Franklin,3/30/20,12,0
Franklin,3/31/20,19,0
Franklin,4/1/20,21,0
Franklin,4/2/20,23,0
Franklin,4/3/20,26,0
Franklin,4/4/20,27,0
Franklin,4/5/20,30,0
Franklin,4/6/20,32,0
Franklin,4/7/20,39,0
Franklin,4/8/20,43,0
Franklin,4/9/20,52,0
Franklin,4/10/20,57,0
Franklin,4/11/20,59,0
Franklin,4/12/20,64,0
Franklin,4/13/20,66,0
Franklin,4/14/20,69,0
Franklin,4/15/20,78,0
Franklin,4/16/20,80,0
Franklin,4/17/20,89,0
Franklin,4/18/20,106,0
Franklin,4/19/20,111,0
Franklin,4/20/20,115,0
Franklin,4/21/20,143,10
Franklin,4/22/20,152,10
Franklin,4/23/20,151,1
Franklin,4/24/20,164,1
Franklin,4/25/20,181,1
Franklin,4/26/20,205,2
Fulton,4/5/20,1,0
Fulton,4/6/20,1,0
Fulton,4/7/20,1,0
Fulton,4/8/20,1,0
Fulton,4/9/20,1,0
Fulton,4/10/20,1,0
Fulton,4/11/20,1,0
Fulton,4/12/20,1,0
Fulton,4/13/20,1,0
Fulton,4/14/20,2,0
Fulton,4/15/20,2,0
Fulton,4/16/20,2,0
Fulton,4/17/20,2,0
Fulton,4/18/20,2,0
Fulton,4/19/20,2,0
Fulton,4/20/20,2,0
Fulton,4/21/20,2,0
Fulton,4/22/20,2,0
Fulton,4/23/20,2,0
Fulton,4/24/20,2,0
Fulton,4/25/20,3,0
Fulton,4/26/20,3,0
Greene,3/25/20,2,0
Greene,3/26/20,3,0
Greene,3/27/20,4,0
Greene,3/28/20,6,0
Greene,3/29/20,6,0
Greene,3/30/20,7,0
Greene,3/31/20,9,0
Greene,4/1/20,9,0
Greene,4/2/20,11,0
Greene,4/3/20,11,0
Greene,4/4/20,12,0
Greene,4/5/20,12,0
Greene,4/6/20,12,0
Greene,4/7/20,15,0
Greene,4/8/20,17,0
Greene,4/9/20,21,0
Greene,4/10/20,21,0
Greene,4/11/20,23,0
Greene,4/12/20,23,0
Greene,4/13/20,23,0
Greene,4/14/20,23,0
Greene,4/15/20,23,0
Greene,4/16/20,24,0
Greene,4/17/20,24,0
Greene,4/18/20,24,0
Greene,4/19/20,24,0
Greene,4/20/20,25,0
Greene,4/21/20,25,0
Greene,4/22/20,25,0
Greene,4/23/20,25,0
Greene,4/24/20,25,0
Greene,4/25/20,25,0
Greene,4/26/20,25,0
Huntingdon,3/28/20,1,0
Huntingdon,3/29/20,1,0
Huntingdon,3/30/20,1,0
Huntingdon,3/31/20,1,0
Huntingdon,4/1/20,1,0
Huntingdon,4/2/20,2,0
Huntingdon,4/3/20,3,0
Huntingdon,4/4/20,4,0
Huntingdon,4/5/20,4,0
Huntingdon,4/6/20,4,0
Huntingdon,4/7/20,5,0
Huntingdon,4/8/20,6,0
Huntingdon,4/9/20,8,0
Huntingdon,4/10/20,8,0
Huntingdon,4/11/20,10,0
Huntingdon,4/12/20,10,0
Huntingdon,4/13/20,11,0
Huntingdon,4/14/20,11,0
Huntingdon,4/15/20,12,0
Huntingdon,4/16/20,12,0
Huntingdon,4/17/20,12,0
Huntingdon,4/18/20,12,0
Huntingdon,4/19/20,13,0
Huntingdon,4/20/20,13,0
Huntingdon,4/21/20,13,0
Huntingdon,4/22/20,15,0
Huntingdon,4/23/20,20,0
Huntingdon,4/24/20,20,0
Huntingdon,4/25/20,22,0
Huntingdon,4/26/20,22,0
Indiana,3/26/20,1,0
Indiana,3/27/20,2,0
Indiana,3/28/20,2,0
Indiana,3/29/20,2,0
Indiana,3/30/20,2,0
Indiana,3/31/20,6,0
Indiana,4/1/20,6,0
Indiana,4/2/20,6,0
Indiana,4/3/20,7,0
Indiana,4/4/20,9,0
Indiana,4/5/20,13,0
Indiana,4/6/20,17,0
Indiana,4/7/20,21,0
Indiana,4/8/20,21,0
Indiana,4/9/20,21,0
Indiana,4/10/20,26,0
Indiana,4/11/20,40,0
Indiana,4/12/20,40,0
Indiana,4/13/20,43,0
Indiana,4/14/20,43,0
Indiana,4/15/20,43,1
Indiana,4/16/20,44,2
Indiana,4/17/20,45,3
Indiana,4/18/20,47,4
Indiana,4/19/20,51,4
Indiana,4/20/20,53,4
Indiana,4/21/20,55,4
Indiana,4/22/20,56,4
Indiana,4/23/20,59,4
Indiana,4/24/20,62,4
Indiana,4/25/20,63,4
Indiana,4/26/20,63,4
Jefferson,4/7/20,1,0
Jefferson,4/8/20,1,0
Jefferson,4/9/20,1,0
Jefferson,4/10/20,1,0
Jefferson,4/11/20,1,0
Jefferson,4/12/20,2,0
Jefferson,4/13/20,2,0
Jefferson,4/14/20,2,0
Jefferson,4/15/20,2,0
Jefferson,4/16/20,2,0
Jefferson,4/17/20,2,0
Jefferson,4/18/20,2,0
Jefferson,4/19/20,2,0
Jefferson,4/20/20,3,0
Jefferson,4/21/20,3,0
Jefferson,4/22/20,3,0
Jefferson,4/23/20,4,0
Jefferson,4/24/20,4,0
Jefferson,4/25/20,4,0
Jefferson,4/26/20,4,0
Juniata,3/24/20,1,0
Juniata,3/25/20,1,0
Juniata,3/26/20,1,0
Juniata,3/27/20,1,0
Juniata,3/28/20,1,0
Juniata,3/29/20,1,0
Juniata,3/30/20,3,0
Juniata,3/31/20,3,0
Juniata,4/1/20,2,0
Juniata,4/2/20,2,0
Juniata,4/3/20,5,0
Juniata,4/4/20,7,0
Juniata,4/5/20,7,0
Juniata,4/6/20,11,0
Juniata,4/7/20,14,0
Juniata,4/8/20,18,0
Juniata,4/9/20,23,0
Juniata,4/10/20,30,0
Juniata,4/11/20,38,0
Juniata,4/12/20,38,0
Juniata,4/13/20,39,0
Juniata,4/14/20,43,0
Juniata,4/15/20,47,0
Juniata,4/16/20,56,0
Juniata,4/17/20,63,0
Juniata,4/18/20,66,0
Juniata,4/19/20,70,0
Juniata,4/20/20,72,0
Juniata,4/21/20,72,0
Juniata,4/22/20,73,0
Juniata,4/23/20,77,0
Juniata,4/24/20,77,0
Juniata,4/25/20,77,0
Juniata,4/26/20,78,0
Lackawanna,3/18/20,1,0
Lackawanna,3/19/20,2,0
Lackawanna,3/20/20,4,0
Lackawanna,3/21/20,5,0
Lackawanna,3/22/20,6,0
Lackawanna,3/23/20,7,1
Lackawanna,3/24/20,15,1
Lackawanna,3/25/20,18,2
Lackawanna,3/26/20,28,2
Lackawanna,3/27/20,35,2
Lackawanna,3/28/20,51,2
Lackawanna,3/29/20,56,2
Lackawanna,3/30/20,62,2
Lackawanna,3/31/20,78,3
Lackawanna,4/1/20,85,3
Lackawanna,4/2/20,108,3
Lackawanna,4/3/20,119,4
Lackawanna,4/4/20,146,6
Lackawanna,4/5/20,172,6
Lackawanna,4/6/20,190,7
Lackawanna,4/7/20,235,8
Lackawanna,4/8/20,266,10
Lackawanna,4/9/20,312,16
Lackawanna,4/10/20,346,18
Lackawanna,4/11/20,392,20
Lackawanna,4/12/20,427,20
Lackawanna,4/13/20,459,21
Lackawanna,4/14/20,501,24
Lackawanna,4/15/20,527,26
Lackawanna,4/16/20,559,28
Lackawanna,4/17/20,592,30
Lackawanna,4/18/20,620,35
Lackawanna,4/19/20,636,41
Lackawanna,4/20/20,646,41
Lackawanna,4/21/20,666,53
Lackawanna,4/22/20,682,57
Lackawanna,4/23/20,707,58
Lackawanna,4/24/20,735,61
Lackawanna,4/25/20,772,63
Lackawanna,4/26/20,793,63
Lancaster,3/19/20,2,0
Lancaster,3/20/20,2,0
Lancaster,3/21/20,4,0
Lancaster,3/22/20,6,0
Lancaster,3/23/20,5,0
Lancaster,3/24/20,10,0
Lancaster,3/25/20,12,0
Lancaster,3/26/20,21,0
Lancaster,3/27/20,33,0
Lancaster,3/28/20,45,1
Lancaster,3/29/20,67,2
Lancaster,3/30/20,97,2
Lancaster,3/31/20,123,3
Lancaster,4/1/20,157,3
Lancaster,4/2/20,203,4
Lancaster,4/3/20,232,5
Lancaster,4/4/20,291,5
Lancaster,4/5/20,371,8
Lancaster,4/6/20,408,11
Lancaster,4/7/20,490,14
Lancaster,4/8/20,561,16
Lancaster,4/9/20,596,17
Lancaster,4/10/20,648,21
Lancaster,4/11/20,698,23
Lancaster,4/12/20,772,24
Lancaster,4/13/20,828,24
Lancaster,4/14/20,865,26
Lancaster,4/15/20,914,29
Lancaster,4/16/20,970,33
Lancaster,4/17/20,1030,35
Lancaster,4/18/20,1113,36
Lancaster,4/19/20,1188,60
Lancaster,4/20/20,1236,66
Lancaster,4/21/20,1295,88
Lancaster,4/22/20,1326,86
Lancaster,4/23/20,1359,72
Lancaster,4/24/20,1451,74
Lancaster,4/25/20,1501,74
Lancaster,4/26/20,1577,74
Lawrence,3/25/20,1,0
Lawrence,3/26/20,1,0
Lawrence,3/27/20,4,0
Lawrence,3/28/20,8,0
Lawrence,3/29/20,8,1
Lawrence,3/30/20,10,1
Lawrence,3/31/20,13,2
Lawrence,4/1/20,13,2
Lawrence,4/2/20,16,2
Lawrence,4/3/20,19,2
Lawrence,4/4/20,22,2
Lawrence,4/5/20,23,2
Lawrence,4/6/20,24,2
Lawrence,4/7/20,29,2
Lawrence,4/8/20,32,2
Lawrence,4/9/20,37,2
Lawrence,4/10/20,45,3
Lawrence,4/11/20,46,4
Lawrence,4/12/20,49,4
Lawrence,4/13/20,51,4
Lawrence,4/14/20,51,4
Lawrence,4/15/20,55,5
Lawrence,4/16/20,55,5
Lawrence,4/17/20,59,5
Lawrence,4/18/20,60,5
Lawrence,4/19/20,59,5
Lawrence,4/20/20,59,5
Lawrence,4/21/20,60,6
Lawrence,4/22/20,61,6
Lawrence,4/23/20,61,5
Lawrence,4/24/20,61,5
Lawrence,4/25/20,61,5
Lawrence,4/26/20,61,5
Lebanon,3/19/20,1,0
Lebanon,3/20/20,1,0
Lebanon,3/21/20,1,0
Lebanon,3/22/20,3,0
Lebanon,3/23/20,3,0
Lebanon,3/24/20,3,0
Lebanon,3/25/20,3,0
Lebanon,3/26/20,4,0
Lebanon,3/27/20,12,0
Lebanon,3/28/20,15,0
Lebanon,3/29/20,19,0
Lebanon,3/30/20,27,0
Lebanon,3/31/20,28,0
Lebanon,4/1/20,36,0
Lebanon,4/2/20,45,0
Lebanon,4/3/20,54,0
Lebanon,4/4/20,87,0
Lebanon,4/5/20,106,0
Lebanon,4/6/20,124,0
Lebanon,4/7/20,145,0
Lebanon,4/8/20,169,0
Lebanon,4/9/20,187,0
Lebanon,4/10/20,218,1
Lebanon,4/11/20,232,1
Lebanon,4/12/20,270,1
Lebanon,4/13/20,284,2
Lebanon,4/14/20,328,2
Lebanon,4/15/20,349,2
Lebanon,4/16/20,380,2
Lebanon,4/17/20,424,2
Lebanon,4/18/20,458,4
Lebanon,4/19/20,484,4
Lebanon,4/20/20,502,5
Lebanon,4/21/20,525,8
Lebanon,4/22/20,535,8
Lebanon,4/23/20,544,6
Lebanon,4/24/20,575,6
Lebanon,4/25/20,592,7
Lebanon,4/26/20,612,7
Lehigh,3/14/20,1,0
Lehigh,3/15/20,1,0
Lehigh,3/16/20,1,0
Lehigh,3/17/20,1,0
Lehigh,3/18/20,1,0
Lehigh,3/19/20,1,0
Lehigh,3/20/20,2,0
Lehigh,3/21/20,13,0
Lehigh,3/22/20,19,0
Lehigh,3/23/20,25,0
Lehigh,3/24/20,27,0
Lehigh,3/25/20,38,0
Lehigh,3/26/20,63,1
Lehigh,3/27/20,93,2
Lehigh,3/28/20,109,3
Lehigh,3/29/20,151,3
Lehigh,3/30/20,231,3
Lehigh,3/31/20,272,4
Lehigh,4/1/20,374,5
Lehigh,4/2/20,479,5
Lehigh,4/3/20,584,5
Lehigh,4/4/20,804,7
Lehigh,4/5/20,877,8
Lehigh,4/6/20,1006,8
Lehigh,4/7/20,1146,10
Lehigh,4/8/20,1319,11
Lehigh,4/9/20,1466,13
Lehigh,4/10/20,1562,16
Lehigh,4/11/20,1620,16
Lehigh,4/12/20,1684,18
Lehigh,4/13/20,1747,19
Lehigh,4/14/20,1803,23
Lehigh,4/15/20,1922,25
Lehigh,4/16/20,1999,28
Lehigh,4/17/20,2092,29
Lehigh,4/18/20,2141,29
Lehigh,4/19/20,2203,32
Lehigh,4/20/20,2245,33
Lehigh,4/21/20,2295,49
Lehigh,4/22/20,2374,49
Lehigh,4/23/20,2418,43
Lehigh,4/24/20,2478,49
Lehigh,4/25/20,2551,50
Lehigh,4/26/20,2601,51
Luzerne,3/14/20,1,0
Luzerne,3/15/20,1,0
Luzerne,3/16/20,1,0
Luzerne,3/17/20,1,0
Luzerne,3/18/20,1,0
Luzerne,3/19/20,1,0
Luzerne,3/20/20,2,0
Luzerne,3/21/20,6,0
Luzerne,3/22/20,7,0
Luzerne,3/23/20,10,0
Luzerne,3/24/20,21,0
Luzerne,3/25/20,27,0
Luzerne,3/26/20,36,1
Luzerne,3/27/20,55,2
Luzerne,3/28/20,65,2
Luzerne,3/29/20,94,2
Luzerne,3/30/20,150,3
Luzerne,3/31/20,212,4
Luzerne,4/1/20,282,4
Luzerne,4/2/20,384,5
Luzerne,4/3/20,484,5
Luzerne,4/4/20,648,5
Luzerne,4/5/20,741,5
Luzerne,4/6/20,849,5
Luzerne,4/7/20,982,8
Luzerne,4/8/20,1134,11
Luzerne,4/9/20,1241,12
Luzerne,4/10/20,1325,15
Luzerne,4/11/20,1372,17
Luzerne,4/12/20,1411,17
Luzerne,4/13/20,1446,21
Luzerne,4/14/20,1523,26
Luzerne,4/15/20,1567,27
Luzerne,4/16/20,1611,28
Luzerne,4/17/20,1668,31
Luzerne,4/18/20,1712,32
Luzerne,4/19/20,1741,34
Luzerne,4/20/20,1767,36
Luzerne,4/21/20,1800,50
Luzerne,4/22/20,1848,60
Luzerne,4/23/20,1880,58
Luzerne,4/24/20,1921,62
Luzerne,4/25/20,1962,66
Luzerne,4/26/20,2008,67
Lycoming,3/26/20,1,0
Lycoming,3/27/20,2,0
Lycoming,3/28/20,2,0
Lycoming,3/29/20,3,0
Lycoming,3/30/20,4,0
Lycoming,3/31/20,6,0
Lycoming,4/1/20,7,0
Lycoming,4/2/20,7,0
Lycoming,4/3/20,8,0
Lycoming,4/4/20,10,0
Lycoming,4/5/20,9,0
Lycoming,4/6/20,10,0
Lycoming,4/7/20,12,0
Lycoming,4/8/20,15,0
Lycoming,4/9/20,17,0
Lycoming,4/10/20,18,0
Lycoming,4/11/20,20,0
Lycoming,4/12/20,23,0
Lycoming,4/13/20,28,0
Lycoming,4/14/20,29,0
Lycoming,4/15/20,30,0
Lycoming,4/16/20,30,0
Lycoming,4/17/20,32,0
Lycoming,4/18/20,36,0
Lycoming,4/19/20,37,0
Lycoming,4/20/20,40,0
Lycoming,4/21/20,42,2
Lycoming,4/22/20,43,2
Lycoming,4/23/20,44,0
Lycoming,4/24/20,48,0
Lycoming,4/25/20,53,0
Lycoming,4/26/20,55,0
McKean,3/28/20,1,0
McKean,3/29/20,1,0
McKean,3/30/20,1,0
McKean,3/31/20,1,0
McKean,4/1/20,1,0
McKean,4/2/20,1,0
McKean,4/3/20,1,0
McKean,4/4/20,1,0
McKean,4/5/20,1,0
McKean,4/6/20,1,0
McKean,4/7/20,1,0
McKean,4/8/20,1,0
McKean,4/9/20,1,0
McKean,4/10/20,1,0
McKean,4/11/20,2,0
McKean,4/12/20,2,0
McKean,4/13/20,3,0
McKean,4/14/20,4,0
McKean,4/15/20,4,0
McKean,4/16/20,4,0
McKean,4/17/20,4,0
McKean,4/18/20,4,0
McKean,4/19/20,4,0
McKean,4/20/20,4,0
McKean,4/21/20,5,0
McKean,4/22/20,5,0
McKean,4/23/20,5,0
McKean,4/24/20,5,0
McKean,4/25/20,5,0
McKean,4/26/20,5,0
Mercer,3/22/20,1,0
Mercer,3/23/20,1,0
Mercer,3/24/20,2,0
Mercer,3/25/20,2,0
Mercer,3/26/20,3,0
Mercer,3/27/20,4,0
Mercer,3/28/20,6,0
Mercer,3/29/20,7,0
Mercer,3/30/20,7,0
Mercer,3/31/20,8,0
Mercer,4/1/20,8,0
Mercer,4/2/20,9,0
Mercer,4/3/20,10,0
Mercer,4/4/20,14,0
Mercer,4/5/20,18,0
Mercer,4/6/20,18,0
Mercer,4/7/20,26,0
Mercer,4/8/20,27,0
Mercer,4/9/20,30,0
Mercer,4/10/20,36,0
Mercer,4/11/20,38,0
Mercer,4/12/20,40,0
Mercer,4/13/20,43,0
Mercer,4/14/20,44,0
Mercer,4/15/20,47,0
Mercer,4/16/20,50,0
Mercer,4/17/20,56,1
Mercer,4/18/20,57,1
Mercer,4/19/20,59,1
Mercer,4/20/20,59,1
Mercer,4/21/20,59,1
Mercer,4/22/20,59,1
Mercer,4/23/20,60,1
Mercer,4/24/20,64,1
Mercer,4/25/20,64,1
Mercer,4/26/20,65,1
Mifflin,3/29/20,2,0
Mifflin,3/30/20,1,0
Mifflin,3/31/20,2,0
Mifflin,4/1/20,1,0
Mifflin,4/2/20,1,0
Mifflin,4/3/20,2,0
Mifflin,4/4/20,4,0
Mifflin,4/5/20,9,0
Mifflin,4/6/20,5,0
Mifflin,4/7/20,6,0
Mifflin,4/8/20,10,0
Mifflin,4/9/20,10,0
Mifflin,4/10/20,11,0
Mifflin,4/11/20,10,0
Mifflin,4/12/20,12,0
Mifflin,4/13/20,17,0
Mifflin,4/14/20,16,0
Mifflin,4/15/20,15,0
Mifflin,4/16/20,15,0
Mifflin,4/17/20,17,0
Mifflin,4/18/20,19,0
Mifflin,4/19/20,20,0
Mifflin,4/20/20,20,0
Mifflin,4/21/20,21,0
Mifflin,4/22/20,22,0
Mifflin,4/23/20,24,0
Mifflin,4/24/20,26,0
Mifflin,4/25/20,26,0
Mifflin,4/26/20,27,0
Monroe,3/8/20,1,0
Monroe,3/9/20,1,0
Monroe,3/10/20,2,0
Monroe,3/11/20,2,0
Monroe,3/12/20,3,0
Monroe,3/13/20,3,0
Monroe,3/15/20,6,0
Monroe,3/16/20,8,0
Monroe,3/17/20,8,0
Monroe,3/18/20,7,0
Monroe,3/19/20,15,0
Monroe,3/20/20,19,0
Monroe,3/21/20,25,0
Monroe,3/22/20,31,0
Monroe,3/23/20,43,1
Monroe,3/24/20,45,1
Monroe,3/25/20,51,1
Monroe,3/26/20,67,2
Monroe,3/27/20,98,2
Monroe,3/28/20,106,2
Monroe,3/29/20,135,3
Monroe,3/30/20,182,7
Monroe,3/31/20,236,7
Monroe,4/1/20,278,8
Monroe,4/2/20,321,10
Monroe,4/3/20,397,10
Monroe,4/4/20,484,11
Monroe,4/5/20,528,11
Monroe,4/6/20,572,11
Monroe,4/7/20,610,12
Monroe,4/8/20,671,17
Monroe,4/9/20,716,19
Monroe,4/10/20,752,19
Monroe,4/11/20,774,22
Monroe,4/12/20,795,23
Monroe,4/13/20,816,24
Monroe,4/14/20,847,27
Monroe,4/15/20,872,28
Monroe,4/16/20,898,29
Monroe,4/17/20,929,29
Monroe,4/18/20,943,34
Monroe,4/19/20,963,38
Monroe,4/20/20,970,39
Monroe,4/21/20,995,46
Monroe,4/22/20,1015,48
Monroe,4/23/20,1024,42
Monroe,4/24/20,1037,44
Monroe,4/25/20,1054,44
Monroe,4/26/20,1065,45
Montgomery,3/5/20,2,0
Montgomery,3/6/20,4,0
Montgomery,3/7/20,6,0
Montgomery,3/8/20,7,0
Montgomery,3/9/20,8,0
Montgomery,3/10/20,9,0
Montgomery,3/11/20,13,0
Montgomery,3/12/20,18,0
Montgomery,3/13/20,20,0
Montgomery,3/14/20,24,0
Montgomery,3/15/20,24,0
Montgomery,3/16/20,30,0
Montgomery,3/17/20,32,0
Montgomery,3/18/20,42,0
Montgomery,3/19/20,47,0
Montgomery,3/20/20,59,0
Montgomery,3/21/20,71,0
Montgomery,3/22/20,87,0
Montgomery,3/23/20,129,1
Montgomery,3/24/20,144,1
Montgomery,3/25/20,172,1
Montgomery,3/26/20,282,2
Montgomery,3/27/20,374,3
Montgomery,3/28/20,411,5
Montgomery,3/29/20,488,5
Montgomery,3/30/20,540,5
Montgomery,3/31/20,570,6
Montgomery,4/1/20,649,8
Montgomery,4/2/20,735,9
Montgomery,4/3/20,875,11
Montgomery,4/4/20,982,17
Montgomery,4/5/20,1111,18
Montgomery,4/6/20,1230,18
Montgomery,4/7/20,1359,30
Montgomery,4/8/20,1521,37
Montgomery,4/9/20,1693,37
Montgomery,4/10/20,1889,50
Montgomery,4/11/20,2053,60
Montgomery,4/12/20,2164,63
Montgomery,4/13/20,2285,65
Montgomery,4/14/20,2354,76
Montgomery,4/15/20,2475,82
Montgomery,4/16/20,2544,89
Montgomery,4/17/20,2684,97
Montgomery,4/18/20,2781,106
Montgomery,4/19/20,2913,164
Montgomery,4/20/20,3040,184
Montgomery,4/21/20,3154,223
Montgomery,4/22/20,3294,230
Montgomery,4/23/20,3395,204
Montgomery,4/24/20,3525,208
Montgomery,4/25/20,3627,214
Montgomery,4/26/20,3733,217
Montour,3/22/20,1,0
Montour,3/23/20,1,0
Montour,3/24/20,3,0
Montour,3/25/20,4,0
Montour,3/26/20,4,0
Montour,3/27/20,4,0
Montour,3/28/20,5,0
Montour,3/29/20,4,0
Montour,3/30/20,10,0
Montour,3/31/20,9,0
Montour,4/1/20,13,0
Montour,4/2/20,15,0
Montour,4/3/20,16,0
Montour,4/4/20,19,0
Montour,4/5/20,37,0
Montour,4/6/20,33,0
Montour,4/7/20,27,0
Montour,4/8/20,26,0
Montour,4/9/20,25,0
Montour,4/10/20,29,0
Montour,4/11/20,29,0
Montour,4/12/20,29,0
Montour,4/13/20,39,0
Montour,4/14/20,44,0
Montour,4/15/20,44,0
Montour,4/16/20,48,0
Montour,4/17/20,48,0
Montour,4/18/20,49,0
Montour,4/19/20,48,0
Montour,4/20/20,48,0
Montour,4/21/20,47,0
Montour,4/22/20,47,0
Montour,4/23/20,47,0
Montour,4/24/20,47,0
Montour,4/25/20,47,0
Montour,4/26/20,47,0
Northampton,3/11/20,1,0
Northampton,3/12/20,1,0
Northampton,3/13/20,1,0
Northampton,3/14/20,1,0
Northampton,3/15/20,1,0
Northampton,3/16/20,1,0
Northampton,3/17/20,1,0
Northampton,3/18/20,1,0
Northampton,3/19/20,5,1
Northampton,3/20/20,10,0
Northampton,3/21/20,17,1
Northampton,3/22/20,21,1
Northampton,3/23/20,23,2
Northampton,3/24/20,33,2
Northampton,3/25/20,44,3
Northampton,3/26/20,56,3
Northampton,3/27/20,79,3
Northampton,3/28/20,94,4
Northampton,3/29/20,126,4
Northampton,3/30/20,184,5
Northampton,3/31/20,245,5
Northampton,4/1/20,312,5
Northampton,4/2/20,378,9
Northampton,4/3/20,466,10
Northampton,4/4/20,588,11
Northampton,4/5/20,636,11
Northampton,4/6/20,716,12
Northampton,4/7/20,774,14
Northampton,4/8/20,857,17
Northampton,4/9/20,949,20
Northampton,4/10/20,994,21
Northampton,4/11/20,1039,23
Northampton,4/12/20,1082,23
Northampton,4/13/20,1130,23
Northampton,4/14/20,1176,25
Northampton,4/15/20,1251,25
Northampton,4/16/20,1296,25
Northampton,4/17/20,1335,27
Northampton,4/18/20,1396,29
Northampton,4/19/20,1441,36
Northampton,4/20/20,1469,36
Northampton,4/21/20,1544,43
Northampton,4/22/20,1591,44
Northampton,4/23/20,1656,45
Northampton,4/24/20,1716,46
Northampton,4/25/20,1780,49
Northampton,4/26/20,1813,49
Northumberland,3/27/20,1,0
Northumberland,3/28/20,1,0
Northumberland,3/29/20,1,0
Northumberland,3/30/20,1,0
Northumberland,3/31/20,1,0
Northumberland,4/1/20,6,0
Northumberland,4/2/20,8,0
Northumberland,4/3/20,8,0
Northumberland,4/4/20,9,0
Northumberland,4/5/20,14,0
Northumberland,4/6/20,15,0
Northumberland,4/7/20,22,0
Northumberland,4/8/20,22,0
Northumberland,4/9/20,24,0
Northumberland,4/10/20,29,0
Northumberland,4/11/20,31,0
Northumberland,4/12/20,37,0
Northumberland,4/13/20,40,0
Northumberland,4/14/20,48,0
Northumberland,4/15/20,56,0
Northumberland,4/16/20,60,0
Northumberland,4/17/20,60,0
Northumberland,4/18/20,67,0
Northumberland,4/19/20,67,0
Northumberland,4/20/20,73,0
Northumberland,4/21/20,77,0
Northumberland,4/22/20,77,0
Northumberland,4/23/20,82,0
Northumberland,4/24/20,84,0
Northumberland,4/25/20,87,0
Northumberland,4/26/20,90,0
Perry,3/28/20,1,0
Perry,3/29/20,1,0
Perry,3/30/20,1,0
Perry,3/31/20,1,0
Perry,4/1/20,1,0
Perry,4/2/20,3,0
Perry,4/3/20,4,1
Perry,4/4/20,5,1
Perry,4/5/20,5,1
Perry,4/6/20,5,1
Perry,4/7/20,9,1
Perry,4/8/20,13,1
Perry,4/9/20,15,1
Perry,4/10/20,16,1
Perry,4/11/20,16,1
Perry,4/12/20,16,1
Perry,4/13/20,17,1
Perry,4/14/20,17,1
Perry,4/15/20,17,1
Perry,4/16/20,17,1
Perry,4/17/20,18,1
Perry,4/18/20,20,1
Perry,4/19/20,20,1
Perry,4/20/20,20,1
Perry,4/21/20,20,1
Perry,4/22/20,23,1
Perry,4/23/20,23,1
Perry,4/24/20,25,1
Perry,4/25/20,26,1
Perry,4/26/20,26,1
Philadelphia,3/9/20,1,0
Philadelphia,3/10/20,1,0
Philadelphia,3/11/20,1,0
Philadelphia,3/12/20,3,0
Philadelphia,3/13/20,4,0
Philadelphia,3/14/20,6,0
Philadelphia,3/15/20,6,0
Philadelphia,3/16/20,8,0
Philadelphia,3/17/20,10,0
Philadelphia,3/18/20,17,0
Philadelphia,3/19/20,33,0
Philadelphia,3/20/20,42,0
Philadelphia,3/21/20,69,0
Philadelphia,3/22/20,91,0
Philadelphia,3/23/20,128,0
Philadelphia,3/24/20,177,0
Philadelphia,3/25/20,257,1
Philadelphia,3/26/20,402,1
Philadelphia,3/27/20,530,2
Philadelphia,3/28/20,709,5
Philadelphia,3/29/20,865,5
Philadelphia,3/30/20,1007,7
Philadelphia,3/31/20,1197,10
Philadelphia,4/1/20,1478,10
Philadelphia,4/2/20,1852,13
Philadelphia,4/3/20,2284,14
Philadelphia,4/4/20,2610,24
Philadelphia,4/5/20,3135,28
Philadelphia,4/6/20,3611,28
Philadelphia,4/7/20,4012,58
Philadelphia,4/8/20,4456,87
Philadelphia,4/9/20,5029,86
Philadelphia,4/10/20,5521,110
Philadelphia,4/11/20,6022,130
Philadelphia,4/12/20,6352,128
Philadelphia,4/13/20,6810,127
Philadelphia,4/14/20,7121,131
Philadelphia,4/15/20,7347,132
Philadelphia,4/16/20,7684,134
Philadelphia,4/17/20,8138,136
Philadelphia,4/18/20,8502,136
Philadelphia,4/19/20,8764,240
Philadelphia,4/20/20,9038,262
Philadelphia,4/21/20,9391,363
Philadelphia,4/22/20,9696,365
Philadelphia,4/23/20,10090,271
Philadelphia,4/24/20,10507,272
Philadelphia,4/25/20,10893,272
Philadelphia,4/26/20,11152,272
Pike,3/11/20,1,0
Pike,3/12/20,1,0
Pike,3/13/20,1,0
Pike,3/14/20,1,0
Pike,3/15/20,1,0
Pike,3/16/20,1,0
Pike,3/17/20,1,0
Pike,3/18/20,2,0
Pike,3/19/20,3,0
Pike,3/20/20,2,0
Pike,3/21/20,2,0
Pike,3/22/20,3,0
Pike,3/23/20,3,0
Pike,3/24/20,4,0
Pike,3/25/20,9,0
Pike,3/26/20,15,0
Pike,3/27/20,23,0
Pike,3/28/20,27,1
Pike,3/29/20,33,1
Pike,3/30/20,39,1
Pike,3/31/20,48,1
Pike,4/1/20,57,1
Pike,4/2/20,68,1
Pike,4/3/20,83,1
Pike,4/4/20,97,1
Pike,4/5/20,114,1
Pike,4/6/20,125,2
Pike,4/7/20,136,5
Pike,4/8/20,148,6
Pike,4/9/20,163,6
Pike,4/10/20,190,6
Pike,4/11/20,208,6
Pike,4/12/20,212,6
Pike,4/13/20,221,6
Pike,4/14/20,256,6
Pike,4/15/20,268,7
Pike,4/16/20,276,7
Pike,4/17/20,290,8
Pike,4/18/20,295,8
Pike,4/19/20,301,8
Pike,4/20/20,304,9
Pike,4/21/20,314,12
Pike,4/22/20,317,12
Pike,4/23/20,327,12
Pike,4/24/20,338,12
Pike,4/25/20,347,12
Pike,4/26/20,349,12
Potter,3/20/20,1,0
Potter,3/21/20,1,0
Potter,3/22/20,1,0
Potter,3/23/20,1,0
Potter,3/24/20,1,0
Potter,3/25/20,1,0
Potter,3/26/20,1,0
Potter,3/27/20,1,0
Potter,3/28/20,2,0
Potter,3/29/20,2,0
Potter,3/30/20,2,0
Potter,3/31/20,2,0
Potter,4/1/20,2,0
Potter,4/2/20,2,0
Potter,4/3/20,2,0
Potter,4/4/20,3,0
Potter,4/5/20,3,0
Potter,4/6/20,3,0
Potter,4/7/20,3,0
Potter,4/8/20,3,0
Potter,4/9/20,3,0
Potter,4/10/20,3,0
Potter,4/11/20,4,0
Potter,4/12/20,4,0
Potter,4/13/20,4,0
Potter,4/14/20,4,0
Potter,4/15/20,4,0
Potter,4/16/20,4,0
Potter,4/17/20,4,0
Potter,4/18/20,4,0
Potter,4/19/20,4,0
Potter,4/20/20,4,0
Potter,4/21/20,4,0
Potter,4/22/20,4,0
Potter,4/23/20,4,0
Potter,4/24/20,4,0
Potter,4/25/20,4,0
Potter,4/26/20,4,0
Schuylkill,3/22/20,1,0
Schuylkill,3/23/20,3,0
Schuylkill,3/24/20,5,0
Schuylkill,3/25/20,6,0
Schuylkill,3/26/20,9,0
Schuylkill,3/27/20,13,0
Schuylkill,3/28/20,16,0
Schuylkill,3/29/20,21,0
Schuylkill,3/30/20,30,0
Schuylkill,3/31/20,38,0
Schuylkill,4/1/20,47,0
Schuylkill,4/2/20,54,0
Schuylkill,4/3/20,63,0
Schuylkill,4/4/20,77,0
Schuylkill,4/5/20,90,0
Schuylkill,4/6/20,103,0
Schuylkill,4/7/20,119,0
Schuylkill,4/8/20,136,0
Schuylkill,4/9/20,149,1
Schuylkill,4/10/20,164,1
Schuylkill,4/11/20,179,2
Schuylkill,4/12/20,188,2
Schuylkill,4/13/20,192,2
Schuylkill,4/14/20,200,2
Schuylkill,4/15/20,212,3
Schuylkill,4/16/20,236,4
Schuylkill,4/17/20,244,4
Schuylkill,4/18/20,254,5
Schuylkill,4/19/20,261,5
Schuylkill,4/20/20,267,5
Schuylkill,4/21/20,277,7
Schuylkill,4/22/20,283,7
Schuylkill,4/23/20,290,5
Schuylkill,4/24/20,300,5
Schuylkill,4/25/20,311,5
Schuylkill,4/26/20,321,5
Snyder,3/28/20,1,0
Snyder,3/29/20,2,0
Snyder,3/30/20,2,0
Snyder,3/31/20,2,1
Snyder,4/1/20,3,1
Snyder,4/2/20,3,1
Snyder,4/3/20,4,1
Snyder,4/4/20,6,1
Snyder,4/5/20,8,1
Snyder,4/6/20,8,1
Snyder,4/7/20,9,1
Snyder,4/8/20,9,1
Snyder,4/9/20,9,1
Snyder,4/10/20,12,1
Snyder,4/11/20,16,1
Snyder,4/12/20,20,1
Snyder,4/13/20,23,1
Snyder,4/14/20,24,1
Snyder,4/15/20,24,1
Snyder,4/16/20,24,1
Snyder,4/17/20,25,1
Snyder,4/18/20,27,1
Snyder,4/19/20,27,1
Snyder,4/20/20,28,1
Snyder,4/21/20,30,1
Snyder,4/22/20,31,1
Snyder,4/23/20,31,1
Snyder,4/24/20,31,1
Snyder,4/25/20,32,1
Snyder,4/26/20,33,1
Somerset,3/24/20,1,0
Somerset,3/25/20,2,0
Somerset,3/26/20,2,0
Somerset,3/27/20,2,0
Somerset,3/28/20,2,0
Somerset,3/29/20,2,0
Somerset,3/30/20,2,0
Somerset,3/31/20,2,0
Somerset,4/1/20,3,0
Somerset,4/2/20,3,0
Somerset,4/3/20,3,0
Somerset,4/4/20,3,0
Somerset,4/5/20,4,0
Somerset,4/6/20,6,0
Somerset,4/7/20,7,0
Somerset,4/8/20,7,0
Somerset,4/9/20,7,0
Somerset,4/10/20,10,0
Somerset,4/11/20,10,0
Somerset,4/12/20,12,0
Somerset,4/13/20,13,0
Somerset,4/14/20,13,0
Somerset,4/15/20,14,0
Somerset,4/16/20,14,0
Somerset,4/17/20,15,0
Somerset,4/18/20,17,0
Somerset,4/19/20,18,0
Somerset,4/20/20,19,0
Somerset,4/21/20,19,0
Somerset,4/22/20,19,0
Somerset,4/23/20,20,0
Somerset,4/24/20,22,0
Somerset,4/25/20,25,0
Somerset,4/26/20,25,0
Sullivan,4/4/20,1,0
Sullivan,4/5/20,1,0
Sullivan,4/6/20,1,0
Sullivan,4/7/20,1,0
Sullivan,4/8/20,1,0
Sullivan,4/9/20,1,0
Sullivan,4/10/20,1,0
Sullivan,4/11/20,1,0
Sullivan,4/12/20,1,0
Sullivan,4/13/20,1,0
Sullivan,4/14/20,1,0
Sullivan,4/15/20,1,0
Sullivan,4/16/20,1,0
Sullivan,4/17/20,1,0
Sullivan,4/18/20,1,0
Sullivan,4/19/20,1,0
Sullivan,4/20/20,1,0
Sullivan,4/21/20,1,0
Sullivan,4/22/20,1,0
Sullivan,4/23/20,1,0
Sullivan,4/24/20,1,0
Sullivan,4/25/20,1,0
Sullivan,4/26/20,1,0
Susquehanna,3/26/20,1,0
Susquehanna,3/27/20,1,0
Susquehanna,3/28/20,1,0
Susquehanna,3/29/20,1,0
Susquehanna,3/30/20,1,0
Susquehanna,3/31/20,1,0
Susquehanna,4/1/20,2,0
Susquehanna,4/2/20,3,0
Susquehanna,4/3/20,4,0
Susquehanna,4/4/20,5,0
Susquehanna,4/5/20,6,0
Susquehanna,4/6/20,6,0
Susquehanna,4/7/20,11,0
Susquehanna,4/8/20,14,0
Susquehanna,4/9/20,16,1
Susquehanna,4/10/20,22,2
Susquehanna,4/11/20,23,2
Susquehanna,4/12/20,25,1
Susquehanna,4/13/20,31,1
Susquehanna,4/14/20,32,1
Susquehanna,4/15/20,40,1
Susquehanna,4/16/20,49,1
Susquehanna,4/17/20,58,1
Susquehanna,4/18/20,59,1
Susquehanna,4/19/20,63,3
Susquehanna,4/20/20,66,4
Susquehanna,4/21/20,71,4
Susquehanna,4/22/20,71,4
Susquehanna,4/23/20,72,4
Susquehanna,4/24/20,76,4
Susquehanna,4/25/20,77,4
Susquehanna,4/26/20,79,4
Tioga,3/28/20,1,0
Tioga,3/29/20,1,0
Tioga,3/30/20,1,0
Tioga,3/31/20,2,0
Tioga,4/1/20,2,0
Tioga,4/2/20,2,0
Tioga,4/3/20,3,0
Tioga,4/4/20,3,0
Tioga,4/5/20,3,0
Tioga,4/6/20,8,0
Tioga,4/7/20,10,0
Tioga,4/8/20,10,0
Tioga,4/9/20,10,0
Tioga,4/10/20,11,0
Tioga,4/11/20,12,1
Tioga,4/12/20,13,1
Tioga,4/13/20,14,1
Tioga,4/14/20,13,1
Tioga,4/15/20,13,1
Tioga,4/16/20,13,1
Tioga,4/17/20,14,1
Tioga,4/18/20,14,1
Tioga,4/19/20,14,1
Tioga,4/20/20,14,1
Tioga,4/21/20,15,2
Tioga,4/22/20,15,2
Tioga,4/23/20,14,1
Tioga,4/24/20,14,1
Tioga,4/25/20,14,1
Tioga,4/26/20,14,1
Union,3/27/20,1,0
Union,3/30/20,4,0
Union,3/31/20,4,0
Union,4/1/20,2,0
Union,4/2/20,2,0
Union,4/3/20,3,0
Union,4/4/20,5,0
Union,4/5/20,6,0
Union,4/6/20,6,0
Union,4/7/20,7,0
Union,4/8/20,8,0
Union,4/9/20,11,0
Union,4/10/20,12,0
Union,4/11/20,14,0
Union,4/12/20,19,0
Union,4/13/20,21,0
Union,4/14/20,23,0
Union,4/15/20,23,0
Union,4/16/20,25,0
Union,4/17/20,26,0
Union,4/18/20,27,0
Union,4/19/20,27,0
Union,4/20/20,28,0
Union,4/21/20,29,0
Union,4/22/20,30,0
Union,4/23/20,30,0
Union,4/24/20,31,0
Union,4/25/20,31,0
Union,4/26/20,31,0
Venango,3/29/20,1,0
Venango,3/30/20,1,0
Venango,3/31/20,3,0
Venango,4/1/20,3,0
Venango,4/2/20,3,0
Venango,4/3/20,3,0
Venango,4/4/20,3,0
Venango,4/5/20,3,0
Venango,4/6/20,5,0
Venango,4/7/20,5,0
Venango,4/8/20,5,0
Venango,4/9/20,5,0
Venango,4/10/20,5,0
Venango,4/11/20,6,0
Venango,4/12/20,6,0
Venango,4/13/20,6,0
Venango,4/14/20,6,0
Venango,4/15/20,6,0
Venango,4/16/20,6,0
Venango,4/17/20,6,0
Venango,4/18/20,6,0
Venango,4/19/20,6,0
Venango,4/20/20,6,0
Venango,4/21/20,6,0
Venango,4/22/20,6,0
Venango,4/23/20,7,0
Venango,4/24/20,7,0
Venango,4/25/20,7,0
Venango,4/26/20,7,0
Warren,3/25/20,1,0
Warren,3/26/20,1,0
Warren,3/27/20,1,0
Warren,3/28/20,1,0
Warren,3/29/20,1,0
Warren,3/30/20,1,0
Warren,3/31/20,1,0
Warren,4/1/20,1,0
Warren,4/2/20,1,0
Warren,4/3/20,1,0
Warren,4/4/20,1,0
Warren,4/5/20,1,0
Warren,4/6/20,1,0
Warren,4/7/20,1,0
Warren,4/8/20,1,0
Warren,4/9/20,1,0
Warren,4/10/20,1,0
Warren,4/11/20,1,0
Warren,4/12/20,1,0
Warren,4/13/20,1,0
Warren,4/14/20,1,0
Warren,4/15/20,1,0
Warren,4/16/20,1,0
Warren,4/17/20,1,0
Warren,4/18/20,1,0
Warren,4/19/20,1,0
Warren,4/20/20,1,0
Warren,4/21/20,2,1
Warren,4/22/20,2,1
Warren,4/23/20,1,0
Warren,4/24/20,1,0
Warren,4/25/20,1,0
Warren,4/26/20,1,0
Washington,3/12/20,1,0
Washington,3/13/20,1,0
Washington,3/14/20,1,0
Washington,3/15/20,1,0
Washington,3/16/20,1,0
Washington,3/17/20,2,0
Washington,3/18/20,2,0
Washington,3/19/20,3,0
Washington,3/20/20,3,0
Washington,3/21/20,5,0
Washington,3/22/20,7,0
Washington,3/23/20,7,0
Washington,3/24/20,9,0
Washington,3/25/20,10,0
Washington,3/26/20,12,0
Washington,3/27/20,14,0
Washington,3/28/20,23,0
Washington,3/29/20,24,0
Washington,3/30/20,26,0
Washington,3/31/20,33,0
Washington,4/1/20,35,0
Washington,4/2/20,38,0
Washington,4/3/20,40,0
Washington,4/4/20,46,0
Washington,4/5/20,50,0
Washington,4/6/20,53,0
Washington,4/7/20,57,0
Washington,4/8/20,59,0
Washington,4/9/20,63,0
Washington,4/10/20,66,0
Washington,4/11/20,66,0
Washington,4/12/20,68,0
Washington,4/13/20,69,0
Washington,4/14/20,70,1
Washington,4/15/20,71,1
Washington,4/16/20,73,1
Washington,4/17/20,75,1
Washington,4/18/20,79,2
Washington,4/19/20,82,2
Washington,4/20/20,83,2
Washington,4/21/20,86,2
Washington,4/22/20,87,2
Washington,4/23/20,92,2
Washington,4/24/20,96,2
Washington,4/25/20,99,2
Washington,4/26/20,101,2
Wayne,3/8/20,1,0
Wayne,3/9/20,1,0
Wayne,3/10/20,1,0
Wayne,3/11/20,1,0
Wayne,3/12/20,1,0
Wayne,3/13/20,1,0
Wayne,3/14/20,1,0
Wayne,3/15/20,1,0
Wayne,3/16/20,1,0
Wayne,3/17/20,1,0
Wayne,3/18/20,1,0
Wayne,3/19/20,1,0
Wayne,3/20/20,1,0
Wayne,3/21/20,1,0
Wayne,3/22/20,2,0
Wayne,3/23/20,3,0
Wayne,3/24/20,4,0
Wayne,3/25/20,4,0
Wayne,3/26/20,6,0
Wayne,3/27/20,6,0
Wayne,3/28/20,6,0
Wayne,3/29/20,7,0
Wayne,3/30/20,10,0
Wayne,3/31/20,10,0
Wayne,4/1/20,14,0
Wayne,4/2/20,17,0
Wayne,4/3/20,23,0
Wayne,4/4/20,28,0
Wayne,4/5/20,33,0
Wayne,4/6/20,35,0
Wayne,4/7/20,40,0
Wayne,4/8/20,47,0
Wayne,4/9/20,49,0
Wayne,4/10/20,53,0
Wayne,4/11/20,57,1
Wayne,4/12/20,63,1
Wayne,4/13/20,67,1
Wayne,4/14/20,70,1
Wayne,4/15/20,75,2
Wayne,4/16/20,77,2
Wayne,4/17/20,81,2
Wayne,4/18/20,84,2
Wayne,4/19/20,84,3
Wayne,4/20/20,85,3
Wayne,4/21/20,86,3
Wayne,4/22/20,86,3
Wayne,4/23/20,87,3
Wayne,4/24/20,88,3
Wayne,4/25/20,92,3
Wayne,4/26/20,92,3
Westmoreland,3/19/20,2,0
Westmoreland,3/20/20,4,0
Westmoreland,3/21/20,4,0
Westmoreland,3/22/20,4,0
Westmoreland,3/23/20,6,0
Westmoreland,3/24/20,11,0
Westmoreland,3/25/20,16,0
Westmoreland,3/26/20,24,0
Westmoreland,3/27/20,30,0
Westmoreland,3/28/20,41,0
Westmoreland,3/29/20,47,0
Westmoreland,3/30/20,55,0
Westmoreland,3/31/20,61,0
Westmoreland,4/1/20,72,0
Westmoreland,4/2/20,84,0
Westmoreland,4/3/20,110,0
Westmoreland,4/4/20,135,0
Westmoreland,4/5/20,147,0
Westmoreland,4/6/20,157,0
Westmoreland,4/7/20,177,0
Westmoreland,4/8/20,183,1
Westmoreland,4/9/20,190,1
Westmoreland,4/10/20,202,5
Westmoreland,4/11/20,218,6
Westmoreland,4/12/20,223,6
Westmoreland,4/13/20,228,6
Westmoreland,4/14/20,231,6
Westmoreland,4/15/20,237,11
Westmoreland,4/16/20,240,13
Westmoreland,4/17/20,249,13
Westmoreland,4/18/20,280,13
Westmoreland,4/19/20,284,16
Westmoreland,4/20/20,286,16
Westmoreland,4/21/20,291,20
Westmoreland,4/22/20,300,20
Westmoreland,4/23/20,307,17
Westmoreland,4/24/20,317,17
Westmoreland,4/25/20,360,19
Westmoreland,4/26/20,374,19
Wyoming,4/2/20,1,0
Wyoming,4/3/20,2,0
Wyoming,4/4/20,5,0
Wyoming,4/5/20,5,0
Wyoming,4/6/20,5,0
Wyoming,4/7/20,5,0
Wyoming,4/8/20,5,0
Wyoming,4/9/20,6,0
Wyoming,4/10/20,6,0
Wyoming,4/11/20,8,0
Wyoming,4/12/20,9,0
Wyoming,4/13/20,12,0
Wyoming,4/14/20,11,0
Wyoming,4/15/20,13,0
Wyoming,4/16/20,14,1
Wyoming,4/17/20,16,1
Wyoming,4/18/20,16,1
Wyoming,4/19/20,17,1
Wyoming,4/20/20,17,1
Wyoming,4/21/20,17,1
Wyoming,4/22/20,17,1
Wyoming,4/23/20,17,1
Wyoming,4/24/20,17,2
Wyoming,4/25/20,17,2
Wyoming,4/26/20,17,2
York,3/18/20,2,0
York,3/19/20,2,0
York,3/20/20,6,0
York,3/21/20,9,0
York,3/22/20,10,0
York,3/23/20,10,0
York,3/24/20,18,0
York,3/25/20,20,0
York,3/26/20,21,0
York,3/27/20,29,0
York,3/28/20,37,0
York,3/29/20,43,0
York,3/30/20,54,0
York,3/31/20,66,0
York,4/1/20,79,0
York,4/2/20,102,1
York,4/3/20,121,1
York,4/4/20,144,1
York,4/5/20,171,1
York,4/6/20,189,1
York,4/7/20,218,2
York,4/8/20,233,2
York,4/9/20,250,3
York,4/10/20,283,3
York,4/11/20,293,3
York,4/12/20,307,3
York,4/13/20,331,3
York,4/14/20,371,3
York,4/15/20,381,4
York,4/16/20,393,4
York,4/17/20,443,4
York,4/18/20,463,4
York,4/19/20,481,6
York,4/20/20,493,6
York,4/21/20,517,13
York,4/22/20,531,14
York,4/23/20,546,7
York,4/24/20,563,8
York,4/25/20,578,8
York,4/26/20,593,8